patient_id,label,n_regions,n_fragments,mean_fragment_length,std_fragment_length,mean_cpg_count,methylation_ratio
X10001,0,264,750,200.82666666666665,66.00977166719754,2.296,0.4730769230767931
X10004,0,248,683,198.6896046852123,64.91963943576992,2.316251830161054,0.43318729463295913
X10008,0,260,750,204.89333333333335,67.46133180488575,2.3346666666666667,0.441057934508705
X1001,0,234,569,201.04042179261862,64.4612943674484,2.295254833040422,0.4492604059165981
X10011,0,244,571,200.75131348511383,66.35098372429708,2.3134851138353767,0.4594782608694054
X10017,0,250,750,198.556,65.42349372103776,2.3146666666666667,0.4623169107854961
X10019,0,254,720,198.67777777777778,65.64192897459803,2.298611111111111,0.4809648358034057
X1002,0,227,518,203.45559845559845,66.87351165686894,2.2915057915057915,0.4343212586899252
X10020,0,251,654,199.217125382263,65.16297104496002,2.2981651376146788,0.4664804469272295
X10021,0,256,750,203.32266666666666,67.65640560623625,2.34,0.4391891891890793
X1003,0,258,750,201.256,65.29715509882494,2.2733333333333334,0.4566148901980566
X10033,0,259,717,204.3765690376569,67.40833257366917,2.288702928870293,0.44909688013124
X10034,0,253,750,200.96,66.21950165925443,2.2933333333333334,0.45732517947342266
X10036,0,231,507,200.1577909270217,66.50297522264091,2.321499013806706,0.45009560229428297
X10038,0,253,750,197.948,64.5973680784803,2.3013333333333335,0.4297808764939169
X1004,0,252,750,194.62,62.70188407589254,2.3386666666666667,0.4552296911496353
X10040,0,258,750,201.188,65.65291049146259,2.3413333333333335,0.4599266631743164
X10041,0,265,750,200.424,65.74817785054326,2.3053333333333335,0.4504950495048331
X10044,0,218,564,200.39361702127658,64.75675458376618,2.276595744680851,0.4376278118607915
X10046,0,255,662,196.86706948640483,64.91116753585845,2.3202416918429005,0.4657368101878515
X10047,0,252,736,203.51902173913044,66.48226035959718,2.296195652173913,0.46970539188424965
X1005,0,234,556,199.5,65.1202401980616,2.300359712230216,0.46987509184405957
X1006,0,258,742,201.0458221024259,66.15271112165118,2.299191374663073,0.48840538219281754
X1007,0,231,506,198.6916996047431,65.60686459579958,2.2865612648221343,0.4689906769353591
X1008,0,256,750,199.79333333333332,65.81988520871856,2.34,0.45266958988897277
X1009,0,232,521,202.5662188099808,67.84177659479101,2.2667946257197698,0.4314943368650232
X1010,0,231,504,200.54365079365078,66.00485551647752,2.238095238095238,0.429878048780324
X1011,0,254,697,199.7790530846485,65.79290117711288,2.3256814921090387,0.4875187969923346
X1012,0,252,677,202.2274741506647,67.09228822166892,2.311669128508124,0.47238152731648886
X1013,0,244,586,197.51023890784984,65.49950418704239,2.3600682593856654,0.4567371202112098
X1014,0,254,738,198.44850948509486,64.71411534913106,2.2845528455284554,0.4527389903328537
X1015,0,256,723,201.49654218533885,66.08769417506447,2.2780082987551866,0.4618620302859053
X1016,0,238,587,204.32708688245316,67.24048730803305,2.3628620102214652,0.4570016474463074
X1017,0,245,649,200.5115562403698,64.76440845843517,2.317411402157165,0.44748586730126527
X1018,0,250,750,201.09466666666665,66.35828286573492,2.308,0.46695441057446263
X1019,0,238,558,202.76164874551972,67.05113999820895,2.2867383512544803,0.4553890078513721
X1020,0,263,750,196.50666666666666,64.0369837585195,2.3266666666666667,0.4607869025612726
X1021,0,251,634,206.08359621451103,67.61843878735185,2.2902208201892744,0.4503722084365849
X1022,0,250,750,200.992,66.06711690394852,2.292,0.4551231135820876
X1023,0,229,532,202.2669172932331,65.53312451954287,2.330827067669173,0.4709456893275841
X1025,0,261,750,204.44133333333335,67.32505149067634,2.3013333333333335,0.4545693968921637
X1026,0,247,634,200.3596214511041,65.55268555966133,2.2902208201892744,0.4503722084365849
X1027,0,252,750,196.392,63.98884019368794,2.28,0.47526403557518754
X1028,0,244,600,203.76,66.88793413862723,2.361666666666667,0.45887305699467007
X1029,0,256,750,200.55733333333333,66.0769958423925,2.316,0.45903805496816624
X1030,0,256,750,198.47733333333332,64.70366413804467,2.308,0.45480819758264457
X1031,0,246,623,198.51364365971108,65.06025894343138,2.2825040128410916,0.4797570850200811
X1032,0,258,750,198.34133333333332,64.65509125265302,2.2906666666666666,0.44006147540972335
X1033,0,259,750,202.22266666666667,66.68652852130047,2.34,0.41955534305512315
X1034,0,253,750,196.38,63.9269239053468,2.3133333333333335,0.467654986522785
X1035,0,245,550,199.4690909090909,63.94951097325927,2.2581818181818183,0.47188449848006386
X1036,0,262,750,203.39466666666667,67.35317046402163,2.2986666666666666,0.4535648513547873
X1037,0,243,665,196.09624060150375,64.8409255406234,2.2857142857142856,0.45563549160657807
X1039,0,245,614,199.27035830618894,65.35526965139935,2.2964169381107493,0.4417293233081323
X1040,0,265,750,198.14933333333335,64.89755285233967,2.3026666666666666,0.47250341997251094
X1041,0,262,750,196.39066666666668,63.74664994770749,2.3226666666666667,0.4456382706573431
X1042,0,246,750,199.78266666666667,65.15480616364553,2.3346666666666667,0.4704459967758005
X1043,0,248,659,199.26403641881637,66.5392060732662,2.2974203338391503,0.4658461538460105
X1044,0,259,750,194.16933333333333,62.5832085538037,2.3146666666666667,0.47587719298232567
X1045,0,242,638,204.05956112852664,67.01761028890544,2.311912225705329,0.435874704491597
X1046,0,253,750,203.576,66.76041909195399,2.3386666666666667,0.4567708333332144
X1047,0,255,750,199.912,65.31025638698208,2.3226666666666667,0.46060285563181896
X1048,0,234,515,200.2135922330097,65.26124505794644,2.376699029126214,0.44769568397935344
X1049,0,237,536,206.88992537313433,68.11467648189513,2.3134328358208953,0.4397163120565817
X1050,0,262,750,200.672,66.17988931188486,2.34,0.46391752577307327
X1051,0,244,607,194.3014827018122,62.621135705213945,2.301482701812191,0.48692924363872886
X1052,0,261,750,199.31333333333333,64.70212120857313,2.3053333333333335,0.45535949433751505
X1053,0,252,750,205.148,67.19401334444412,2.3533333333333335,0.4481970543421919
X1054,0,247,750,201.852,66.68759576812867,2.3386666666666667,0.46048831714348637
X1055,0,232,602,197.9435215946844,64.65281775307496,2.277408637873754,0.4716202270380215
X1056,0,249,750,198.15333333333334,64.6591201782256,2.3453333333333335,0.47604871447889685
X1057,0,260,750,198.27466666666666,64.39949708568297,2.304,0.4600638977634558
X1058,0,240,548,199.36496350364965,65.1316606958449,2.2645985401459856,0.46427235316106835
X1059,0,248,594,203.33838383838383,67.65749782196674,2.3367003367003365,0.47162759089348566
X1060,0,263,739,197.62381596752368,65.05450427271819,2.3125845737483086,0.4764427097852031
X1061,0,264,750,202.34533333333334,67.47230106907244,2.3106666666666666,0.4590728476819976
X1062,0,251,750,199.376,64.8814505386555,2.328,0.47201946472006706
X1063,0,255,688,201.69912790697674,67.2381735027331,2.2834302325581395,0.4466875177707004
X1064,0,252,731,197.35841313269495,64.97866740077772,2.3187414500683996,0.4612244897957929
X1065,0,269,750,199.77066666666667,64.37600541264493,2.316,0.4773289365208911
X1066,0,234,548,203.55839416058393,67.70399199255424,2.29014598540146,0.46585003711935197
X1067,0,262,711,203.48945147679325,67.3132533756061,2.270042194092827,0.44182863399933153
X1068,0,248,750,200.48266666666666,66.65456498161915,2.2773333333333334,0.44100180738434264
X1069,0,245,635,199.103937007874,64.44279817379498,2.305511811023622,0.47843137254886325
X1070,0,231,583,205.483704974271,67.57887958551125,2.286449399656947,0.4357633213467029
X1071,0,262,750,204.312,66.95880317528582,2.3133333333333335,0.46180463135468147
X1072,0,261,750,202.752,66.92321841234674,2.3253333333333335,0.45099560382713966
X1074,0,225,527,202.44781783681213,66.67119344990854,2.2732447817836814,0.43642987249528725
X1075,0,260,750,202.352,66.27062770187106,2.2906666666666666,0.46811989100804685
X1076,0,262,750,201.99866666666668,66.33624447883341,2.2746666666666666,0.446713799423816
X1077,0,255,750,202.932,65.99488396332956,2.2853333333333334,0.4793064876956154
X1078,0,258,750,197.46933333333334,63.95841143187415,2.336,0.45803921568615474
X1079,0,250,732,205.47267759562843,67.74899887905825,2.319672131147541,0.44543546694636793
X1080,0,251,733,200.84856753069576,65.94805710565542,2.3083219645293314,0.45965770171136655
X1081,0,254,750,199.196,65.84649004059872,2.332,0.47786885245888583
X1082,0,266,750,201.68,65.66183264779218,2.3346666666666667,0.433201385452639
X1083,0,249,669,197.68161434977577,64.00772075833028,2.304932735426009,0.4674143679901584
X1085,0,264,750,199.49733333333333,64.18967201107114,2.2946666666666666,0.44631742738577634
X1086,0,255,750,200.94133333333335,66.25203814391088,2.3106666666666666,0.4494294605807963
X1087,0,237,549,202.32422586520948,67.26499653751009,2.3096539162112935,0.4233722871451007
X1088,0,253,750,198.89333333333335,65.42924388647293,2.352,0.4734299516906942
X1090,0,255,680,202.19117647058823,65.09860334476805,2.323529411764706,0.46552740129626824
X1091,0,232,565,198.07610619469025,64.23234549545214,2.297345132743363,0.44635488308100196
X1092,0,260,750,201.49866666666668,66.11488484616926,2.3386666666666667,0.44928278688513085
X1093,0,235,532,203.00563909774436,66.36146436873572,2.332706766917293,0.4640987284964607
X1095,0,256,750,202.80666666666667,66.99256642013019,2.296,0.4612911867129758
X1096,0,237,510,196.77254901960785,64.09771363709083,2.2862745098039214,0.4728304947281132
X11002,0,258,750,204.024,65.6347628217446,2.3146666666666667,0.4437627811859806
X11005,0,258,750,198.94666666666666,66.75355537763929,2.3426666666666667,0.46978609625655887
X11006,0,229,598,199.87625418060202,66.2374976252459,2.411371237458194,0.4830820770517645
X11007,0,256,750,198.24533333333332,65.48071327922104,2.3253333333333335,0.4423028151152822
X11008,0,262,750,202.08133333333333,66.37646207973292,2.3306666666666667,0.46750468039570275
X11009,0,264,750,198.98933333333332,65.28058327626131,2.2866666666666666,0.45917001338675795
X11010,0,254,750,201.11333333333334,65.80412719241518,2.3106666666666666,0.4616409163557641
X11011,0,253,750,194.22133333333332,62.32310709698468,2.3453333333333335,0.4865836791146648
X11012,0,242,601,197.6638935108153,65.31707008692858,2.2762063227953413,0.4823695345555422
X11013,0,245,660,203.16060606060606,65.85828421415707,2.3045454545454547,0.46007259528116756
X11014,0,251,750,197.92533333333333,64.63278650619634,2.296,0.45113963845940497
X11015,0,233,532,199.90977443609023,65.37586051091876,2.330827067669173,0.46599022923695377
X11016,0,230,523,202.39196940726578,66.28659956273128,2.288718929254302,0.44697535474217814
X11017,0,255,735,200.09251700680272,65.25086815012463,2.3102040816326532,0.453041622198385
X11018,0,255,717,201.05857740585773,64.88231530439823,2.276150627615063,0.4257761544481018
X11019,0,248,653,200.46094946401226,65.22805151746198,2.356814701378254,0.4650951949227969
X11020,0,239,604,195.95529801324503,65.17111700591455,2.306291390728477,0.45882740447942727
X11021,0,256,718,198.20612813370474,63.970130271110136,2.3077994428969357,0.4529797703661966
X11022,0,249,750,198.70133333333334,65.18677880947605,2.3413333333333335,0.4467056728566658
X11024,0,240,601,199.8352745424293,65.81915287733769,2.301164725457571,0.4733059548253
X11025,0,257,715,202.01398601398603,65.82793697898254,2.302097902097902,0.47876672483988403
X11026,0,257,750,198.65733333333333,64.94476560551708,2.328,0.44024205748854256
X11027,0,261,697,199.0028694404591,66.09588263994078,2.296987087517934,0.4520045172217809
X11028,0,238,571,201.65323992994746,66.74731268334752,2.31523642732049,0.4492014950729021
X11029,0,254,750,198.676,65.46028076118627,2.3293333333333335,0.4626588983049622
X11030,0,255,750,201.58933333333334,66.37006870235675,2.288,0.4449053668653241
X11031,0,250,750,198.94266666666667,65.08436099572786,2.2866666666666666,0.44545454545442975
X11032,0,255,750,198.984,65.82767207388294,2.3306666666666667,0.4647700079764784
X11033,0,254,750,199.44266666666667,64.81500890654537,2.3413333333333335,0.45944531658805354
X11034,0,251,712,204.2317415730337,66.88203142327542,2.317415730337079,0.45118949958970433
X11035,0,245,725,203.27724137931034,67.94118424437377,2.313103448275862,0.4545947411221321
X11036,0,253,679,198.28129602356407,65.14324617358014,2.2901325478645065,0.4421381859538123
X11037,0,267,750,196.552,64.48695446367428,2.3066666666666666,0.4750137287203528
X11038,0,261,750,202.13066666666666,67.05785755268025,2.2893333333333334,0.45041972717721657
X11039,0,231,568,201.2411971830986,66.34610961117903,2.3767605633802815,0.4613807245384616
X11040,0,260,750,201.98266666666666,65.78795000775007,2.3213333333333335,0.4536216779571512
X11042,0,250,750,202.27333333333334,65.59348511009983,2.3306666666666667,0.4580712788258758
X11043,0,256,711,201.33192686357242,66.1588429225435,2.29817158931083,0.4646005117996973
X11044,0,254,750,204.34666666666666,67.6442839828729,2.3026666666666666,0.45930851063817574
X11045,0,253,750,202.99333333333334,67.07205047973079,2.336,0.4708411717279036
X11046,0,264,750,199.956,65.67915496817338,2.3013333333333335,0.46063517480638894
X11047,0,250,750,199.46666666666667,65.63499743954355,2.324,0.46344057431521846
X11048,0,258,750,202.05733333333333,65.65037227278727,2.312,0.420975965039956
X11049,0,239,603,196.98175787728027,65.1451600110356,2.2587064676616917,0.45766129032242686
X11050,0,248,750,201.75066666666666,66.07450718359961,2.276,0.4441842310693614
X11051,0,228,548,196.2992700729927,64.89287803684749,2.3047445255474455,0.47321094042694894
X11052,0,250,648,196.14814814814815,64.79604490123027,2.3040123456790123,0.46627108057449523
X11053,0,229,558,191.1810035842294,60.30398975486469,2.313620071684588,0.48046148120562693
X11054,0,254,750,205.02133333333333,67.48431579428083,2.2946666666666666,0.4451629591307695
X11055,0,269,750,201.51333333333332,65.93319211309446,2.34,0.46318289786211053
X11056,0,239,636,202.27672955974842,66.52125606752384,2.3144654088050314,0.45488257107526114
X11057,0,245,750,197.888,64.61379204679653,2.28,0.4949348769897265
X11058,0,260,750,199.28266666666667,64.95081292451663,2.3026666666666666,0.42495078740147024
X11061,0,255,750,199.064,66.43915439959582,2.2893333333333334,0.48543963811125657
X11062,0,251,750,198.99066666666667,65.727568388175,2.3426666666666667,0.4586269903418276
X11063,0,256,669,195.42152466367713,63.47584230335854,2.275037369207773,0.45954106280179363
X11064,0,248,750,203.58533333333332,67.26272904233237,2.344,0.4546159813807979
X11065,0,252,750,199.76533333333333,65.54628592240923,2.316,0.4395242914978645
X11066,0,257,750,197.05466666666666,64.44107136153326,2.2733333333333334,0.449038714774704
X11067,0,266,744,198.31317204301075,64.95157450592217,2.275537634408602,0.45255279337063553
X11068,0,261,750,202.48533333333333,66.23011740556977,2.3146666666666667,0.47916091636751884
X11069,0,233,553,198.4900542495479,64.57206741488257,2.305605786618445,0.459625090122401
X11070,0,242,614,196.84201954397395,64.08755304937375,2.2899022801302933,0.4472010178115626
X11071,0,238,587,198.87223168654174,64.69905983134888,2.303236797274276,0.4396747967478245
X11073,0,246,619,201.4184168012924,66.7187890891748,2.2907915993537964,0.4521683673467946
X11075,0,250,750,200.912,66.02710748371965,2.3306666666666667,0.4513297185643038
X11076,0,257,750,201.14,65.61498101297701,2.2546666666666666,0.45310825294735985
X11077,0,263,750,205.08,68.65493621486125,2.3173333333333335,0.4698567180317735
X11078,0,262,750,199.43333333333334,65.50436287420523,2.304,0.4630225080384611
X11079,0,246,750,199.73466666666667,64.90288333262929,2.3586666666666667,0.45852773457738244
X11080,0,259,750,200.768,65.85986771927196,2.3173333333333335,0.4401114206127019
X11081,0,260,750,206.52666666666667,68.2563498063652,2.2813333333333334,0.44211886304898135
X11082,0,258,750,198.89066666666668,65.70478455096621,2.316,0.4669354838708422
X11083,0,236,585,199.7025641025641,64.4573700792077,2.3401709401709403,0.4665985003406726
X11084,0,228,509,200.74066797642436,65.58942018063884,2.2730844793713163,0.4481022463205081
X11085,0,254,750,193.03333333333333,62.67890837878046,2.2946666666666666,0.4871214265495366
X11086,0,266,750,199.61466666666666,65.41644684803832,2.3213333333333335,0.47438692098079716
X11087,0,261,750,199.02533333333332,64.41594542416411,2.2933333333333334,0.465998374424149
X11089,0,233,574,201.34668989547038,66.62673612293435,2.3101045296167246,0.4891184064918889
X11090,0,249,731,205.15184678522573,67.43975519976853,2.322845417236662,0.4393272962482693
X11092,0,259,750,199.424,65.96171786725995,2.2946666666666666,0.4695770804910042
X11093,0,219,546,199.00732600732601,65.87289307118454,2.2765567765567765,0.4472831953938657
X11094,0,260,750,201.85066666666665,66.74953457682099,2.288,0.4369747899158551
X11095,0,261,750,203.98533333333333,66.99773965009732,2.3146666666666667,0.4853228962816647
X11096,0,263,740,200.97972972972974,65.99904479187913,2.308108108108108,0.45926324280708275
X2001,0,231,536,203.77798507462686,66.95000613378024,2.2891791044776117,0.43128295254817883
X2002,0,245,629,202.44197138314786,65.55868658123599,2.324324324324324,0.44860386621649323
X2003,0,258,710,198.69859154929577,65.74658453712982,2.3112676056338026,0.462905500705088
X2005,0,263,750,197.95866666666666,63.48097582390772,2.3373333333333335,0.47922361946405706
X2006,0,253,694,201.5893371757925,66.67182694948869,2.3314121037463975,0.4632121385627074
X2007,0,247,656,202.77134146341464,67.11422849510495,2.323170731707317,0.4755070202806629
X2008,0,240,653,201.37212863705972,66.48096795832355,2.326186830015314,0.465094917329925
X2009,0,234,551,197.81851179673322,65.86032422514445,2.3121597096188746,0.462767889574841
X2010,0,260,750,206.08,67.99981568602472,2.2866666666666666,0.45917001338675795
X2011,0,256,750,198.18,64.3707459435832,2.312,0.46463022508026136
X2012,0,249,639,197.7433489827856,64.84974699881965,2.300469483568075,0.470099136552456
X2013,0,251,623,199.1011235955056,65.62807591768386,2.3146067415730336,0.48765640852198594
X2014,0,251,750,199.29066666666668,65.25656681812865,2.316,0.4638184245659643
X2017,0,255,750,201.044,65.64961079346422,2.312,0.45416448402292975
X2018,0,255,750,194.668,63.611008816608674,2.3106666666666666,0.47741046831942774
X2019,0,250,710,202.95352112676056,66.88090599112138,2.3309859154929575,0.438875629806301
X2020,0,232,516,195.5794573643411,65.04675930305504,2.251937984496124,0.4436807941960887
X2021,0,259,750,203.17066666666668,67.41517291793855,2.3146666666666667,0.4529089486041083
X2022,0,262,750,197.884,63.88638778331422,2.3413333333333335,0.47331536388127404
X2023,0,237,540,201.6425925925926,66.46656107718084,2.2888888888888888,0.4530791788854644
X2024,0,254,750,199.94666666666666,64.71743574098782,2.308,0.464199517296738
X2025,0,265,750,197.64,64.12611324569734,2.3173333333333335,0.44609856262822223
X2026,0,236,622,201.09807073954983,64.81508470472879,2.3215434083601285,0.4494242141299566
X2027,0,255,750,203.00933333333333,67.02561634347141,2.3253333333333335,0.46756032171569234
X2028,0,252,750,199.02933333333334,65.41895092062816,2.3186666666666667,0.44612621857351303
X2029,0,247,750,197.22133333333332,63.57021586316102,2.3253333333333335,0.46027975719174974
X2030,0,247,636,198.36006289308176,64.60190800769772,2.3254716981132075,0.4735830931794833
X2031,0,235,589,198.14431239388796,64.62369502213005,2.2733446519524616,0.4620427881295852
X2032,0,230,532,196.08646616541353,63.871994029829686,2.3289473684210527,0.44972776769493655
X2033,0,253,750,204.00133333333332,66.28989866404149,2.328,0.4602003162887559
X2034,0,227,589,200.3106960950764,66.5423533714802,2.33106960950764,0.4714972527470908
X2035,0,254,749,198.42857142857142,64.46569376284572,2.3097463284379174,0.4507556018758596
X2036,0,230,501,194.25948103792416,63.49388622343595,2.3293413173652695,0.43757030371187194
X2038,0,255,750,196.50666666666666,64.11688770432396,2.3146666666666667,0.47276688453146165
X2039,0,259,750,201.552,66.60580026794463,2.3093333333333335,0.46459227467798697
X2040,0,257,750,203.07733333333334,67.57018587776383,2.2853333333333334,0.46274298056143015
X2041,0,259,750,199.93333333333334,65.5664616163545,2.32,0.46251993620402376
X2042,0,237,545,200.0862385321101,65.27124697890821,2.302752293577982,0.48010711553156843
X2043,0,259,750,199.54266666666666,64.74549286415404,2.3053333333333335,0.47473915431068786
X2044,0,241,612,198.43790849673204,63.75377267476912,2.264705882352941,0.45592105263142896
X2045,0,241,513,199.15594541910332,65.53979676333073,2.378167641325536,0.4525222551927105
X2046,0,252,750,198.24266666666668,64.62713397809176,2.3106666666666666,0.4749246368866882
X2047,0,235,586,201.6962457337884,65.93157498317586,2.302047781569966,0.4504173622703004
X2048,0,259,722,200.5027700831025,65.7709710240449,2.3047091412742384,0.45840220385662306
X2049,0,260,750,204.836,67.21597853685287,2.292,0.4611051502144686
X2050,0,254,750,200.74933333333334,65.31065124634895,2.2706666666666666,0.4847708511242571
X2051,0,258,750,203.98666666666668,67.1879341019568,2.3293333333333335,0.4484086242298644
X2052,0,243,536,196.77798507462686,64.03597082983266,2.330223880597015,0.4756283320637945
X2053,0,254,750,195.81866666666667,63.954998122812015,2.2786666666666666,0.44879201680660485
X2054,0,226,549,205.8214936247723,68.20600567512543,2.2823315118397085,0.4350694444442934
X2055,0,260,678,198.07522123893804,63.70341914059081,2.2964601769911503,0.4663072776278927
X2056,0,254,685,201.62919708029196,65.63401975340498,2.348905109489051,0.49507692307677076
X2058,0,251,750,203.96533333333332,66.83485217226779,2.3506666666666667,0.46031331592677277
X2059,0,253,750,197.36266666666666,64.87170266165535,2.2826666666666666,0.453630100688804
X2060,0,263,750,200.528,65.5436639399009,2.2866666666666666,0.43794688457598624
X2063,0,249,620,201.53225806451613,65.65027522285516,2.325806451612903,0.46336760925434983
X2064,0,260,750,197.04266666666666,62.947370976784164,2.312,0.466254369454029
X2065,0,250,695,202.75539568345323,66.57227821159708,2.306474820143885,0.45944396675251953
X2066,0,226,567,196.97883597883597,63.64858528849692,2.2962962962962963,0.4517696044412034
X2068,0,255,750,201.71866666666668,66.49081779881757,2.312,0.4690289423855913
X2069,0,237,540,197.23518518518517,64.21256845188432,2.2944444444444443,0.443450250536706
X2070,0,251,750,201.00133333333332,65.7771490075053,2.2893333333333334,0.4548344370859722
X2071,0,244,586,203.23378839590444,67.6209190095479,2.33617747440273,0.4379398592449015
X2072,0,245,742,200.36522911051213,64.5620538008608,2.2628032345013476,0.4639403150040166
X2074,0,261,750,200.26266666666666,65.55172262843712,2.348,0.469224620303632
X2075,0,265,750,201.98,66.35505205584073,2.336,0.4407547169810212
X2076,0,251,607,199.2125205930807,65.70702264684374,2.2932454695222404,0.4623048820988169
X2077,0,257,680,199.5720588235294,65.49742326675741,2.2955882352941175,0.46652719665258024
X2078,0,243,619,197.562197092084,64.31445812638395,2.3004846526655895,0.4698119432528968
X2079,0,253,735,198.52244897959184,65.85245701325631,2.3142857142857145,0.4520329524314504
X2080,0,245,750,200.212,64.88510144350036,2.26,0.45151838039412584
X2081,0,258,750,202.28666666666666,66.58579795188227,2.3173333333333335,0.4582124967043348
X2082,0,253,750,199.30533333333332,65.53776599454359,2.2733333333333334,0.4857549857548474
X2084,0,248,596,202.43288590604027,67.7214031803722,2.325503355704698,0.43999999999986034
X2085,0,267,750,197.48533333333333,65.76160317050943,2.3333333333333335,0.4428137651820742
X2086,0,254,705,197.6113475177305,65.10083296544005,2.326241134751773,0.4647208841030137
X2089,0,250,750,199.46533333333332,65.05264123427699,2.2893333333333334,0.4403693254679558
X2090,0,247,651,201.0552995391705,66.58074350638222,2.345622119815668,0.4578710644676288
X2091,0,255,750,202.896,67.3018066919455,2.3053333333333335,0.430849738350254
X2092,0,241,590,199.66949152542372,64.98485548275332,2.2898305084745765,0.4530516431923363
X2093,0,253,701,201.8074179743224,66.19905789317322,2.298145506419401,0.43376413570262956
X2094,0,247,648,200.90123456790124,66.48614075170921,2.337962962962963,0.4756671899527549
X2095,0,268,750,200.14533333333333,65.82122412177463,2.3093333333333335,0.45068956544354655
X2096,0,227,544,197.2941176470588,64.62349869083988,2.3455882352941178,0.4510427712971188
X3012,0,241,657,198.94368340943683,65.85888373367396,2.324200913242009,0.4697016302674655
X3013,0,251,599,197.46744574290483,65.18194792946723,2.320534223706177,0.48618398041256167
X3014,0,257,750,206.00133333333332,68.22989568282286,2.3626666666666667,0.43688362919121376
X3015,0,255,750,199.904,65.65206356746653,2.296,0.44669260700377517
X3016,0,255,750,196.56133333333332,63.95895223935079,2.3053333333333335,0.47881473276087544
X3017,0,248,750,199.96533333333332,65.54211977720044,2.308,0.44740242956824827
X3021,0,228,533,198.6622889305816,64.96547231325748,2.272045028142589,0.4351419331654922
X3022,0,244,595,198.13949579831933,64.18041039707815,2.2907563025210083,0.4505785123965453
X3023,0,260,736,200.53532608695653,65.32466036702817,2.2744565217391304,0.4228340490021665
X3024,0,245,588,199.8265306122449,66.07443115600164,2.314625850340136,0.4590219224281757
X3025,0,241,665,204.8406015037594,67.39874726931339,2.330827067669173,0.4585798816566691
X3026,0,263,750,196.85466666666667,64.56351042363033,2.288,0.48202247190997694
X3027,0,247,683,199.82576866764276,64.42915532836946,2.3382137628111272,0.48987730061334667
X3028,0,251,706,199.8512747875354,65.82670381110952,2.348441926345609,0.4602998334257467
X3031,0,224,523,202.05544933078394,66.41061492201446,2.349904397705545,0.44192736425730245
X3032,0,249,750,199.93066666666667,66.0347423171234,2.3293333333333335,0.4651224707134012
X3033,0,259,750,201.568,66.63594657540328,2.2946666666666666,0.4423027499356355
X3034,0,247,750,198.67866666666666,64.57245603368531,2.316,0.4722675367046024
X3035,0,252,750,194.02666666666667,62.25178408866867,2.2773333333333334,0.4651416122003091
X3036,0,238,581,201.86574870912222,65.71619898957464,2.325301204819277,0.46188034188018395
X3037,0,236,626,200.13258785942492,65.40830221565373,2.2555910543130993,0.46008471814908436
X3038,0,233,521,194.69673704414586,63.415034280889586,2.2975047984644914,0.4551330798477357
X3040,0,249,573,204.36649214659687,68.17894323988551,2.300174520069808,0.4629434492446565
X3041,0,259,744,202.8508064516129,66.50877579247833,2.314516129032258,0.45196850393688925
X3043,0,265,750,203.82,66.58499030061755,2.2733333333333334,0.44797687861259905
X3046,0,252,750,202.39066666666668,66.4847304240271,2.2933333333333334,0.46001604707128646
X3047,0,261,750,198.924,66.25114507689659,2.3146666666666667,0.46995127233338657
X3049,0,248,750,200.38533333333334,65.93831095467608,2.2933333333333334,0.48752834467106365
X3050,0,265,750,200.21333333333334,65.35655913695443,2.32,0.4578947368419848
X3051,0,246,750,198.09333333333333,63.502330315946324,2.292,0.452964426877351
X3052,0,246,653,198.26186830015314,65.31929142561226,2.3093415007656968,0.42889647326495195
X3053,0,247,692,199.94653179190752,64.49348021979979,2.36271676300578,0.4591406908170573
X3056,0,240,694,198.71469740634006,65.15118208829443,2.3112391930835736,0.44642360144713433
X3058,0,249,602,201.9418604651163,66.07343851807467,2.2940199335548175,0.4638898219682688
X3059,0,233,520,204.95384615384614,67.10251761165512,2.2673076923076922,0.44574669187128707
X3060,0,253,750,200.71733333333333,65.71546824167216,2.3426666666666667,0.4378270620482338
X3061,0,246,624,195.79326923076923,63.86158323805561,2.2708333333333335,0.4342629482070382
X3062,0,259,750,199.27466666666666,65.99377161183891,2.3173333333333335,0.4395548811329187
X3063,0,253,750,201.29733333333334,64.85689574919711,2.356,0.4581280788176152
X3064,0,251,750,200.384,65.78072066089476,2.3,0.48523206751041204
X3065,0,261,750,202.99466666666666,66.68649017271456,2.3,0.4464285714284559
X3066,0,241,583,203.90394511149228,66.3152280389379,2.3567753001715266,0.45481628599786333
X3067,0,240,561,201.6007130124777,65.94450969992054,2.299465240641711,0.4617036506798634
X3068,0,240,688,198.1468023255814,64.82469846032878,2.296511627906977,0.4614485981307064
X3069,0,231,527,200.9563567362429,66.8443204816574,2.2618595825426944,0.44896421845557477
X3070,0,262,750,199.86666666666667,65.53440487425075,2.324,0.4727420667207831
X3071,0,242,674,200.43175074183975,66.37693997940745,2.351632047477745,0.46686303387320566
X3072,0,241,609,198.4039408866995,63.72849623533311,2.3054187192118225,0.47193277310908505
X3073,0,252,750,199.996,64.91572986572669,2.3,0.4396024464830684
X3074,0,241,592,202.79898648648648,66.25652797251597,2.3462837837837838,0.45318107667195656
X3075,0,252,750,197.896,65.83723250562709,2.3093333333333335,0.44183673469376483
X3077,0,256,750,202.216,66.38155374298897,2.3146666666666667,0.4479999999998844
X3078,0,247,654,199.21406727828747,65.41228960109758,2.2981651376146788,0.4735349716444633
X3079,0,255,670,200.17611940298508,66.04310236516447,2.292537313432836,0.47746347528738653
X3080,0,257,750,198.904,64.25745184282779,2.2746666666666666,0.46045883940608356
X3082,0,262,750,203.08533333333332,66.44501023319124,2.2893333333333334,0.4530343007914372
X3083,0,243,588,203.27551020408163,65.89676227100172,2.295918367346939,0.4658385093166094
X3084,0,250,750,201.86266666666666,66.48772172029626,2.352,0.47292225201059707
X3085,0,239,504,201.04761904761904,63.87858735838242,2.2857142857142856,0.46489104116204
X3086,0,262,750,202.33066666666667,66.59493468892526,2.2946666666666666,0.463506598437796
X3087,0,255,750,196.30933333333334,63.97560196060856,2.284,0.4575320512819291
X3088,0,255,674,200.23293768545994,65.7217679657591,2.3160237388724036,0.4368877693813499
X3089,0,257,750,202.54,67.99696365770068,2.2666666666666666,0.4273504273503199
X3090,0,266,750,201.4,66.5087663394834,2.288,0.43202416918418124
X3091,0,252,750,200.05333333333334,65.13716672445071,2.316,0.4877843302441764
X3092,0,260,750,199.02133333333333,64.913908716768,2.328,0.4551616266943548
X3093,0,231,545,201.74678899082568,66.44557760504007,2.326605504587156,0.44932671863910373
X3094,0,241,654,196.6039755351682,63.83803125848765,2.350152905198777,0.46988688474458273
X3096,0,244,625,201.6288,66.68776057538594,2.3088,0.4592616168044369
X5001,0,250,663,194.73604826546003,62.88363176504258,2.321266968325792,0.4696368629842937
X5002,0,267,750,204.584,66.65725474895187,2.2933333333333334,0.4670105891934654
X5004,0,244,599,201.49248747913188,66.13192809461967,2.313856427378965,0.45323741007179424
X5005,0,229,519,200.7495183044316,67.27918191127502,2.325626204238921,0.45980952380934864
X5006,0,234,546,201.46336996336996,66.78251519594103,2.360805860805861,0.4646719538570783
X5007,0,232,509,205.33202357563852,67.36953320277759,2.330058939096267,0.45951181712496725
X5008,0,250,740,195.75945945945946,62.96765776199826,2.3162162162162163,0.4570666666665448
X5009,0,224,544,201.0514705882353,66.0694064482617,2.3345588235294117,0.4453015427768425
X5010,0,248,700,203.0257142857143,66.57113850335334,2.335714285714286,0.4308300395255782
X5011,0,255,750,200.03466666666668,66.2972206422629,2.356,0.46123727486283966
X5012,0,257,750,200.32933333333332,65.93721917770637,2.264,0.463554463554337
X5013,0,258,750,203.608,66.73574506464533,2.3533333333333335,0.4728100723277598
X5014,0,247,684,198.1345029239766,64.80607176957425,2.289473684210526,0.4561607923098001
X5015,0,231,527,200.05692599620494,65.28269124744135,2.3282732447817835,0.46389413988640305
X5016,0,232,518,200.6969111969112,65.3602345522839,2.305019305019305,0.44026548672550136
X5017,0,245,750,199.40133333333333,65.84158967974236,2.32,0.4464973056195929
X5018,0,253,750,199.61066666666667,65.6603616059356,2.3186666666666667,0.44635523613951583
X5019,0,249,750,200.032,66.751611536102,2.38,0.46973684210513955
X5020,0,244,644,199.5496894409938,64.86621935142384,2.340062111801242,0.4532330827066306
X5021,0,237,559,198.5366726296959,65.32104557499747,2.2862254025044724,0.46287576964851035
X5022,0,255,750,203.28933333333333,67.48329387995882,2.284,0.4624730021597024
X5023,0,257,750,202.55866666666665,67.49367297425408,2.312,0.4621535181235442
X5024,0,247,672,201.66220238095238,66.06321737841424,2.331845238095238,0.442530358655622
X5025,0,232,507,197.98224852071007,64.73253787727555,2.3136094674556213,0.4627218934909417
X5026,0,215,500,198.62,65.15439816313247,2.266,0.44034201321397576
X5027,0,254,713,201.11220196353437,66.16699753043076,2.3366058906030855,0.4613680420934751
X5028,0,231,507,198.75542406311638,64.79866668618537,2.293885601577909,0.45411948457616
X5029,0,255,750,197.548,63.889068152019036,2.3186666666666667,0.47319727891143587
X5030,0,249,750,196.40266666666668,64.78487883929569,2.3253333333333335,0.4695745826600782
X5032,0,253,750,199.84266666666667,64.88158891053422,2.3293333333333335,0.47797537619685965
X5033,0,248,642,199.60903426791276,65.01441090671446,2.3146417445482865,0.461634047840801
X5034,0,251,715,198.48531468531468,64.75752078043327,2.2825174825174823,0.4716763005778984
X5035,0,221,515,200.89514563106795,65.72148261722323,2.3436893203883495,0.4620980091881845
X5036,0,264,750,204.34,67.3990336231413,2.2933333333333334,0.44628956927855573
X5037,0,257,750,204.93733333333333,67.62644507061486,2.3333333333333335,0.4412506303579321
X5038,0,256,750,198.804,64.98410254823868,2.324,0.43760984182765816
X5039,0,253,673,201.2555720653789,66.8691037072898,2.3090638930163445,0.4726277372261336
X5040,0,248,698,198.73638968481376,65.02864142727265,2.316618911174785,0.444841815680758
X5041,0,218,538,197.2992565055762,63.83509802000908,2.33271375464684,0.4661961367011641
X5042,0,257,750,202.97466666666668,66.1985147735372,2.3106666666666666,0.45533368365726345
X5043,0,235,531,204.14500941619585,67.13238227597016,2.340866290018832,0.47083333333315497
X5044,0,247,717,202.12691771269178,66.6850405344803,2.288702928870293,0.44136632598159187
X5045,0,267,750,199.64666666666668,66.0706830262527,2.312,0.43524096385531247
X5046,0,234,513,200.68421052631578,65.31356130738496,2.2787524366471734,0.4674130347858987
X5047,0,261,725,202.66344827586207,66.34609238166398,2.2993103448275862,0.4369593709042105
X5048,0,259,750,197.308,64.62740236153701,2.2986666666666666,0.43723053512542803
X5050,0,255,750,202.45866666666666,66.2440358942264,2.3706666666666667,0.477187332259668
X5051,0,253,750,197.288,63.26144473005129,2.304,0.43924758515494683
X5052,0,238,581,201.49913941480207,65.65993926317817,2.3390705679862305,0.4585020242913433
X5053,0,235,531,201.59322033898306,66.63228118304058,2.3314500941619585,0.4568265682655141
X5054,0,258,750,195.436,63.246696124514415,2.348,0.4615989515070874
X5055,0,235,561,201.0926916221034,66.45206788555761,2.2959001782531194,0.4310575635875398
X5056,0,247,645,199.63720930232557,66.24482553408578,2.353488372093023,0.45381165919268945
X5057,0,250,665,194.81052631578947,64.0288248799903,2.293233082706767,0.44971984665277215
X5058,0,252,750,197.71466666666666,64.23188137435248,2.2866666666666666,0.46819546819534036
X5059,0,271,750,199.97866666666667,66.292902170762,2.344,0.4636075949365866
X5060,0,260,750,200.548,65.35584413552216,2.296,0.4309309309308231
X5061,0,262,750,199.01333333333332,65.4538806251309,2.3293333333333335,0.4652463382155885
X5062,0,252,750,197.04,64.9959260261749,2.3693333333333335,0.4515883100380047
X5063,0,256,750,198.14266666666666,65.57647682583205,2.2853333333333334,0.4605051047822513
X5064,0,260,750,203.052,66.50602952113941,2.2853333333333334,0.4470526864891896
X5065,0,235,549,198.33151183970855,63.78603899137951,2.3406193078324224,0.46140035906626164
X5066,0,255,750,199.988,65.60626892810372,2.2626666666666666,0.4571659482757389
X5067,0,216,501,199.58483033932137,64.7339348778646,2.24750499001996,0.4863930885527057
X5068,0,260,750,200.77066666666667,65.40016875275543,2.32,0.4471858134154595
X5069,0,222,515,198.07961165048545,64.78285965209898,2.3514563106796116,0.465411222136639
X5071,0,262,750,200.252,66.20382035300783,2.268,0.4710606480198086
X5072,0,257,750,204.05333333333334,67.26042785736317,2.332,0.4589346628180375
X5074,0,256,750,199.82666666666665,66.17626429132696,2.2973333333333334,0.4529442691902069
X5075,0,237,573,201.4240837696335,66.55992258347052,2.3542757417102966,0.4666205465235328
X5076,0,245,597,196.57286432160805,63.29828987824951,2.3149078726968173,0.46189839572177077
X5077,0,256,750,200.596,64.44462830471856,2.3146666666666667,0.44730739500117306
X5078,0,256,750,198.36666666666667,64.60679186862288,2.292,0.4831365935917698
X5080,0,260,716,200.2122905027933,64.91141075028014,2.3016759776536313,0.4538694574496134
X5081,0,262,750,199.29466666666667,66.43627401419265,2.32,0.46031746031733856
X5082,0,260,750,199.04533333333333,66.70042937059867,2.3173333333333335,0.46223404255306855
X5083,0,257,750,197.30266666666665,64.44921819713736,2.3106666666666666,0.47349726775943346
X5084,0,244,583,204.11835334476845,68.01534527716439,2.2795883361921097,0.43789126853362836
X5085,0,256,750,203.76133333333334,66.9933954821087,2.3493333333333335,0.4486885663355109
X5086,0,252,711,205.65119549929676,68.4022961311315,2.2953586497890295,0.453963838664686
X5087,0,255,750,197.85333333333332,65.33517548423328,2.3506666666666667,0.47038420490915944
X5088,0,253,674,196.73442136498517,64.51914653167357,2.3234421364985165,0.47743902439009833
X5089,0,231,545,199.79266055045872,65.7889253478582,2.3559633027522935,0.49063813526920497
X5090,0,247,573,199.45898778359512,65.82212381046035,2.3595113438045376,0.4785840707962908
X5091,0,258,750,198.68533333333335,64.89825615188404,2.308,0.45757335448045
X5092,0,254,750,195.81066666666666,63.98330109923648,2.3266666666666667,0.4637257507306767
X5093,0,248,625,202.8928,66.45161629456427,2.2752,0.4470292360891396
X5094,0,255,750,201.54,66.66949627328329,2.3306666666666667,0.4522639068562866
X5095,0,259,750,200.04133333333334,65.40499184482957,2.2973333333333334,0.4497520229703864
X5096,0,255,735,198.48843537414967,65.05250262328073,2.270748299319728,0.4492597577387754
X6001,0,258,750,200.25466666666668,66.25601214145694,2.3226666666666667,0.44666666666655214
X6003,0,254,750,197.144,63.70312863065151,2.288,0.46017699115031907
X6004,0,261,750,199.23866666666666,64.51358801231119,2.3,0.4573170731706105
X6005,0,255,750,204.036,67.1183037926317,2.304,0.45235602094228994
X6006,0,235,604,203.28476821192052,66.68557013838432,2.365894039735099,0.4421410891087741
X6007,0,247,750,200.836,66.70674956354367,2.276,0.4632293080053017
X6008,0,235,550,204.1090909090909,67.83130752824788,2.3018181818181818,0.4139960758664441
X6009,0,258,750,200.53066666666666,65.20638818057289,2.3333333333333335,0.4384865948382765
X6011,0,244,615,197.89105691056912,65.1224699998621,2.3268292682926828,0.449434673366693
X6013,0,245,572,201.8234265734266,66.66384681500669,2.3146853146853146,0.45141493351501827
X6014,0,259,750,200.316,65.61599508250002,2.34,0.466755319148812
X6015,0,228,530,198.55094339622642,65.01046540609866,2.2773584905660376,0.46638330757323554
X6016,0,261,750,203.876,67.05615028218267,2.3306666666666667,0.4448969203358501
X6018,0,261,750,202.63733333333334,66.83904402534661,2.316,0.4406392694062809
X6019,0,242,539,196.52319109461968,63.04185463800303,2.3951762523191094,0.4769117103803188
X6020,0,246,687,200.23435225618633,64.50475614396028,2.3333333333333335,0.4278089137975907
X6021,0,226,518,202.15057915057915,65.70009453908348,2.287644787644788,0.4519450800913608
X6022,0,259,750,202.57866666666666,66.22783763812785,2.34,0.4775510204080333
X6023,0,256,750,200.876,66.55092754675425,2.3106666666666666,0.4494294605807963
X6024,0,247,650,198.63076923076923,64.51589410150011,2.32,0.46543209876528846
X6025,0,243,636,201.18396226415095,65.62938486596813,2.3144654088050314,0.43396226415081546
X6026,0,244,652,198.70092024539878,65.21496637769543,2.3021472392638036,0.4627003699135442
X6027,0,252,750,198.94666666666666,65.83119692736028,2.3253333333333335,0.4426395939085171
X6028,0,253,750,200.23733333333334,66.12442569042766,2.296,0.45785695293792666
X6029,0,257,750,199.74133333333333,65.10993594085485,2.3413333333333335,0.45339530080029605
X6030,0,254,750,200.25066666666666,65.76303799416677,2.2933333333333334,0.4485006518903655
X6031,0,245,634,204.493690851735,66.44751343890586,2.3186119873817033,0.44144144144130887
X6032,0,240,723,195.6569847856155,64.03360688595868,2.315352697095436,0.439485429246406
X6033,0,252,750,204.356,66.7412510920595,2.3013333333333335,0.4714558863697155
X6034,0,235,572,200.6888111888112,66.08675438830186,2.340909090909091,0.442498347653522
X6035,0,256,750,198.33866666666665,64.9907478406649,2.3,0.44367283950605874
X6036,0,256,750,199.492,65.11138612152767,2.3373333333333335,0.4630216587426141
X6037,0,234,566,195.45936395759716,62.411754880780514,2.3763250883392226,0.47864768683256986
X6038,0,240,555,195.3045045045045,63.2796102927992,2.3567567567567567,0.4782449725775217
X6039,0,262,638,202.40125391849529,65.44553454711861,2.324451410658307,0.4810249756728897
X6040,0,250,698,200.47994269340975,66.4850869720536,2.293696275071633,0.47282929710558985
X6041,0,253,750,198.932,65.05744673747964,2.328,0.4653518123666137
X6042,0,249,665,204.49172932330828,67.768271730954,2.348872180451128,0.46668658500135446
X6043,0,257,750,202.364,67.24682523361233,2.3146666666666667,0.45974576271174267
X6044,0,263,748,201.8409090909091,65.85809639828378,2.2954545454545454,0.4497118910423128
X6045,0,262,750,198.472,65.426976210123,2.3306666666666667,0.48074807480734855
X6046,0,262,750,201.92133333333334,66.543162520444,2.3,0.44412976313067865
X6047,0,255,750,197.19066666666666,64.35901112423099,2.3053333333333335,0.45238095238083403
X6048,0,264,750,198.70666666666668,65.39173716066036,2.3146666666666667,0.4929017603632899
X6049,0,268,750,204.94,67.11641925291704,2.3613333333333335,0.4787780481209844
X6050,0,266,750,200.86533333333333,66.37308087537363,2.3,0.4597547974412421
X6051,0,245,647,200.27202472952087,64.93739850301534,2.2982998454404946,0.46982622432844556
X6052,0,238,681,201.51835535976505,66.03945801945738,2.290748898678414,0.45204288611983423
X6053,0,258,719,200.35326842837273,64.8160150994997,2.3045897079276774,0.45149863760205683
X6054,0,245,644,197.4223602484472,64.01153717357238,2.3198757763975157,0.4519056261341646
X6055,0,250,629,202.52464228934818,65.91543057093817,2.2972972972972974,0.4488971730349646
X6056,0,252,735,204.3374149659864,67.02577756821417,2.2680272108843536,0.4631842178381597
X6057,0,253,750,204.54666666666665,67.46647430802618,2.3186666666666667,0.43388223552883387
X6058,0,225,507,204.12820512820514,66.63256524269366,2.26232741617357,0.450510604870208
X6059,0,253,750,200.78266666666667,65.71795872937287,2.3253333333333335,0.4483290488430724
X6060,0,261,750,199.48266666666666,66.28573777886831,2.2866666666666666,0.47012061403495886
X6061,0,232,645,196.42480620155038,64.91047625220465,2.345736434108527,0.4434349355215582
X6062,0,261,750,201.756,66.51570589467323,2.328,0.43325062034728706
X6063,0,254,690,200.55942028985507,64.97886014951789,2.2768115942028984,0.4605687481675577
X6064,0,243,640,201.875,65.71158573645899,2.2984375,0.44670513209825485
X6065,0,248,750,202.62666666666667,66.50767842053193,2.3106666666666666,0.4618869936032884
X6066,0,252,701,205.05135520684735,68.32347488227877,2.3437945791726107,0.457532720690488
X6067,0,253,710,202.21830985915494,66.80930568955861,2.316901408450704,0.4520472657322198
X6068,0,246,657,199.03044140030443,64.30702364015217,2.289193302891933,0.44300441826201975
X6069,0,241,560,203.31071428571428,68.03667519006471,2.3,0.43440134907236616
X6070,0,256,750,201.32533333333333,66.66477949328933,2.3146666666666667,0.45397489539737085
X6071,0,232,548,194.82846715328466,62.22070259935153,2.3302919708029197,0.5065450218165385
X6072,0,256,750,205.724,68.460167182579,2.3293333333333335,0.45259067357501226
X6073,0,253,685,204.04087591240875,67.42774294710455,2.308029197080292,0.45068415051298444
X6074,0,254,654,197.5749235474006,65.24289864629647,2.290519877675841,0.48636363636347846
X6075,0,256,750,200.43333333333334,65.74968863466621,2.2973333333333334,0.4594666666665441
X6076,0,248,750,198.972,66.05355818828637,2.3133333333333335,0.4524119947847582
X6077,0,243,692,199.72687861271677,66.64062644190165,2.2760115606936417,0.45985401459840586
X6078,0,262,750,205.29866666666666,66.76772771997628,2.32,0.4684975767365459
X6079,0,254,750,200.52133333333333,66.2998759040233,2.34,0.47716150081553094
X6080,0,265,750,198.01333333333332,65.26528292710877,2.2546666666666666,0.43922077922066516
X6081,0,253,691,204.42691751085383,67.38483834646132,2.298118668596237,0.4584295612007914
X6082,0,260,750,201.13066666666666,66.67924409356249,2.2786666666666666,0.42607828471692194
X6083,0,232,548,198.94525547445255,63.373362972338654,2.291970802919708,0.45050215208018274
X6084,0,251,686,194.65014577259475,62.22073509749017,2.32798833819242,0.44784071789106905
X6085,0,240,567,201.50617283950618,66.7601425145477,2.2786596119929454,0.45460942997872816
X6086,0,251,750,199.25733333333332,64.79299689181094,2.328,0.47874965725240504
X6087,0,253,721,203.39251040221913,67.78046392036278,2.3287101248266295,0.4466613461025681
X6088,0,248,750,202.112,65.24354979102021,2.2933333333333334,0.4429564769506972
X6089,0,259,750,200.852,65.96625977977934,2.3226666666666667,0.46465724193105773
X6090,0,254,750,197.67466666666667,64.52125870508796,2.3293333333333335,0.45317769130986946
X6091,0,251,734,196.50272479564032,62.83167572860298,2.329700272479564,0.45502927088864953
X6092,0,233,595,200.72268907563026,66.2442544671742,2.310924369747899,0.4411292909847799
X6093,0,266,750,199.53866666666667,65.44822257496548,2.328,0.4717643880031149
X6094,0,251,743,200.28398384925976,65.64584493690536,2.2934051144010765,0.44642389310965513
X6095,0,240,630,200.61269841269842,65.79484104845595,2.3301587301587303,0.4411057692306367
X6096,0,240,548,201.53284671532847,65.77419913201723,2.281021897810219,0.445473984319157
X8001,0,243,649,198.9337442218798,65.32634858711319,2.332819722650231,0.4947712418299037
X8002,0,263,750,199.192,64.95492131214283,2.2826666666666666,0.4502893214096659
X8003,0,264,750,198.66266666666667,64.0340706672801,2.352,0.48183556405340566
X8004,0,256,750,198.08,65.56185069586327,2.2813333333333334,0.4631835408769726
X8007,0,240,524,196.06106870229007,63.11642649512379,2.3282442748091605,0.4732350659424076
X8008,0,242,672,202.42410714285714,66.16407421301012,2.3035714285714284,0.45131195335263813
X8009,0,264,750,200.00933333333333,66.01950150944458,2.296,0.4768762115756087
X8010,0,259,750,198.98533333333333,63.97860932808367,2.312,0.4668820678512475
X8012,0,245,660,198.56060606060606,64.62313329767017,2.3075757575757576,0.44715208455653344
X8013,0,267,750,203.976,66.58922403312215,2.3386666666666667,0.4527620030974567
X8014,0,247,750,203.244,66.26049952523248,2.3373333333333335,0.45806114449948837
X8015,0,245,733,196.17598908594815,63.42756766782375,2.2783083219645293,0.47591906526062244
X8016,0,241,649,199.2095531587057,64.70729997386842,2.3281972265023114,0.47937817258868043
X8017,0,251,750,195.06133333333332,64.25824127343944,2.288,0.44548286604349807
X8018,0,254,750,199.052,64.87239754060788,2.292,0.46434359805497993
X8019,0,239,650,206.41076923076923,67.9574903848596,2.276923076923077,0.4521845401770693
X8020,0,238,610,202.3672131147541,66.07327954084352,2.3065573770491805,0.47025401069503
X8021,0,224,504,202.74603174603175,67.47606118809328,2.2976190476190474,0.45429580227522387
X8022,0,262,750,201.25333333333333,66.26663179073529,2.32,0.44501278772367137
X8023,0,264,750,202.656,66.77693462067073,2.2813333333333334,0.440525231719763
X8024,0,235,553,200.55877034358048,65.14893689259081,2.3128390596745025,0.45210321668418096
X8025,0,238,535,203.5607476635514,67.16231942721208,2.308411214953271,0.4359336392515228
X8026,0,257,750,198.46933333333334,64.55846750211951,2.2826666666666666,0.4625776817075216
X8027,0,249,750,200.672,64.77492634242563,2.3266666666666667,0.47136682874109365
X8028,0,254,728,200.7348901098901,64.99729320009851,2.3214285714285716,0.46415819829704363
X8029,0,259,744,203.48790322580646,67.06648814544174,2.2943548387096775,0.4407436096048436
X8031,0,232,542,197.15867158671585,64.0674280733411,2.2767527675276753,0.42921739130419856
X8032,0,237,513,199.47563352826512,66.10228864547575,2.348927875243665,0.4645335389358271
X8033,0,242,635,203.36377952755905,66.76137983657674,2.35748031496063,0.4544626593805542
X8034,0,244,621,204.69726247987117,67.3509457683233,2.2962962962962963,0.47202912942718567
X8035,0,259,750,199.04533333333333,64.61678273912712,2.28,0.45721925133677616
X8036,0,264,750,198.71733333333333,64.92239546480775,2.3306666666666667,0.46938775510191477
X8037,0,260,750,198.34133333333332,64.37186361205406,2.2733333333333334,0.4562483275353342
X8038,0,248,667,203.0704647676162,67.41591117602755,2.3238380809595203,0.4533489324362523
X8039,0,266,750,205.00933333333333,67.40546896374374,2.32,0.4276234947160414
X8040,0,255,750,198.44933333333333,65.06332888979954,2.3013333333333335,0.4515960230244763
X8041,0,261,750,198.796,65.29269267945175,2.2893333333333334,0.47209238383269947
X8043,0,248,581,198.95869191049914,65.31624391199198,2.316695352839931,0.45213301981845744
X8044,0,263,750,201.164,66.00574548729325,2.3386666666666667,0.45475758361409
X8045,0,237,569,197.51845342706503,64.7692410051632,2.282952548330404,0.4419870704319694
X8046,0,259,750,202.82266666666666,66.73665074671405,2.3333333333333335,0.45811518324595335
X8047,0,259,750,202.59866666666667,66.52103625838137,2.296,0.4562798092208648
X8049,0,243,639,202.4037558685446,66.71704470936226,2.298904538341158,0.43079178885617864
X8050,0,259,750,201.91066666666666,67.50276058223265,2.3333333333333335,0.449063382088671
X8051,0,249,664,198.15963855421685,63.79054437513906,2.2816265060240966,0.4691855063485695
X8053,0,252,736,197.4048913043478,64.05858118863723,2.3057065217391304,0.439637305699368
X8054,0,244,616,196.17694805194805,64.51134643810374,2.311688311688312,0.45831992275492167
X8055,0,244,686,202.95481049562682,67.77543522336302,2.2857142857142856,0.45594649607430765
X8056,0,235,553,198.84086799276673,64.3470191407702,2.305605786618445,0.45995670995654403
X8057,0,253,652,196.93098159509202,63.74185734322525,2.3205521472392636,0.47743767750063826
X8059,0,226,546,204.38095238095238,67.35680458845785,2.316849816849817,0.403251514185399
X8060,0,259,750,201.804,66.86563829053006,2.2933333333333334,0.46994535519112846
X8061,0,254,632,202.46993670886076,65.09442300477906,2.2626582278481013,0.4429987608424898
X8062,0,232,544,196.9797794117647,64.25885120957945,2.354779411764706,0.4688872620788913
X8063,0,260,750,198.296,65.0983080988541,2.3453333333333335,0.4673219978744773
X8064,0,251,643,197.13996889580093,64.31011330338254,2.275272161741835,0.47904387688261985
X8065,0,253,680,201.16617647058823,66.5844026743371,2.3117647058823527,0.4688338801072267
X8066,0,264,750,197.35733333333334,63.93075665297746,2.3053333333333335,0.4680563075255907
X8067,0,251,750,200.204,64.72497496330145,2.3266666666666667,0.4575249082327065
X8068,0,261,750,201.08266666666665,65.34473582130052,2.3706666666666667,0.45848375451251716
X8069,0,223,523,204.62906309751435,67.7069102421112,2.3212237093690247,0.4234391349841565
X8070,0,245,750,200.58933333333334,64.97303558314701,2.3333333333333335,0.44688457609794513
X8071,0,266,750,199.264,65.97670021050361,2.36,0.4617792851551104
X8072,0,266,750,199.70533333333333,64.6251744412002,2.3053333333333335,0.46932681867522547
X8076,0,244,637,202.77864992150705,67.17382719971869,2.3092621664050235,0.45205900430225815
X8077,0,254,703,196.30014224751068,63.99617331627165,2.3314366998577527,0.4399999999998819
X8078,0,235,574,201.79965156794424,65.95986478870918,2.308362369337979,0.4456777665656086
X8080,0,237,576,200.56944444444446,65.60658765806832,2.3385416666666665,0.47379528666884496
X8081,0,264,750,197.192,64.44746027579365,2.3253333333333335,0.4670594536688626
X8082,0,228,526,199.94296577946767,66.23168071525627,2.344106463878327,0.465283018867749
X8083,0,240,689,200.20609579100145,66.16813187228674,2.3483309143686504,0.4421973216724673
X8084,0,255,750,201.41733333333335,66.73418289169518,2.348,0.4367559523808441
X8085,0,231,564,199.28546099290782,65.3088277348984,2.271276595744681,0.4529702970295428
X8086,0,241,667,201.6071964017991,66.02622128546574,2.28335832083958,0.4535437760570418
X8087,0,258,750,199.77333333333334,65.73124540294533,2.2853333333333334,0.4424367578728853
X8088,0,246,618,194.373786407767,62.61983534685315,2.3042071197411005,0.45876288659779035
X8089,0,255,750,198.24,65.00384398890063,2.3066666666666666,0.4658050619277152
X8090,0,242,582,203.13573883161513,66.69740197818574,2.2439862542955327,0.46509971509954945
X8092,0,267,750,201.39733333333334,66.08002819477473,2.3226666666666667,0.46342112263887647
X8093,0,256,750,204.78266666666667,67.56033920051682,2.2906666666666666,0.4567934060089187
X8094,0,251,750,199.02666666666667,64.6772238805044,2.36,0.47199999999987413
X9001,0,259,750,201.31733333333332,66.43361071693221,2.276,0.47037751446666565
X9002,0,241,548,202.63868613138686,66.4935985593248,2.343065693430657,0.46153846153829564
X9003,0,238,563,201.80461811722913,65.85921401774651,2.2966252220248666,0.45416227607992476
X9004,0,256,750,200.80266666666665,66.13094882797985,2.3213333333333335,0.4481338481337328
X9005,0,261,750,198.67733333333334,64.62589692134948,2.3,0.4494528400207271
X9006,0,255,750,196.87733333333333,63.966644585717916,2.3706666666666667,0.4721189591076813
X9007,0,243,750,201.43866666666668,65.96628107012114,2.2866666666666666,0.43649783659953256
X9009,0,256,738,201.3550135501355,66.27906619578857,2.28319783197832,0.4576317218901527
X9011,0,262,750,205.74133333333333,68.53950509175144,2.3093333333333335,0.47039652362833506
X9012,0,258,750,201.11066666666667,65.22700682658645,2.268,0.47184466019404386
X9013,0,253,750,201.83333333333334,65.3828536816462,2.3626666666666667,0.45799948307044247
X9014,0,249,618,199.3673139158576,64.74827557950543,2.2750809061488675,0.43128834355814993
X9015,0,242,642,203.70404984423675,67.17649800272629,2.309968847352025,0.42676258992793475
X9018,0,232,540,202.7888888888889,66.49291153161077,2.3296296296296295,0.43439226519322016
X9019,0,259,750,199.316,64.96261599822881,2.3293333333333335,0.4792866941013774
X9020,0,266,750,198.92133333333334,66.22100732815498,2.316,0.4689524838011693
X9021,0,254,750,199.828,64.59899702007763,2.312,0.469664138678096
X9022,0,247,670,196.34179104477613,64.36169633408612,2.280597014925373,0.4376969349755263
X9023,0,258,750,198.1,64.83352527820773,2.3186666666666667,0.4688595308707283
X9024,0,247,674,199.7433234421365,64.2875194397817,2.3026706231454006,0.45142524723663424
X9025,0,258,750,201.19866666666667,66.01970815513266,2.2826666666666666,0.4459494660066564
X9026,0,258,750,201.21733333333333,64.9453880802085,2.316,0.4709869848154905
X9027,0,226,514,199.52529182879377,65.22332439509887,2.377431906614786,0.46410938093411924
X9028,0,235,541,198.97781885397413,64.93980909730028,2.310536044362292,0.44899425287340194
X9030,0,234,539,199.99072356215214,65.76650880335269,2.274582560296846,0.49020391843243094
X9031,0,253,750,196.04666666666665,64.60965218568782,2.332,0.44244877308362196
X9032,0,240,535,203.7607476635514,67.41479046376081,2.3420560747663552,0.4531645569618614
X9033,0,232,521,201.25335892514394,68.15831402600371,2.3570057581573898,0.44638313340587193
X9034,0,250,750,204.32,66.48784550577646,2.3746666666666667,0.4618775933608761
X9035,0,269,750,201.29733333333334,65.52978655712396,2.2906666666666666,0.4540169133191189
X9036,0,261,750,201.58933333333334,66.47216474752588,2.308,0.46382636655936127
X9037,0,233,572,200.29195804195805,65.847304862876,2.304195804195804,0.4538567493111385
X9039,0,250,750,201.45733333333334,66.94013379796077,2.2746666666666666,0.4617050067657749
X9040,0,228,538,200.01115241635688,65.09632458239575,2.2862453531598512,0.4584420424895794
X9041,0,258,750,200.74666666666667,65.314070629706,2.3093333333333335,0.47193460490450356
X9042,0,255,725,203.0151724137931,66.03640409917536,2.2951724137931033,0.4514378730329757
X9043,0,243,750,201.22133333333332,66.16898829176365,2.2733333333333334,0.46495773111522637
X9044,0,261,750,200.71733333333333,66.55592209730267,2.304,0.4645161290321332
X9045,0,254,750,198.824,65.50029789245237,2.32,0.45609436435112555
X9048,0,251,687,198.0815138282387,64.81741723292919,2.3158660844250365,0.4585014409220581
X9058,0,249,750,198.476,64.9075760138984,2.2973333333333334,0.44134221311464106
X9084,0,258,750,198.72533333333334,63.82577764160462,2.284,0.4638505280258695
X9085,0,255,640,201.775,65.8539767212277,2.259375,0.44670991658929665
X9086,0,256,750,198.62266666666667,64.47161871362898,2.2666666666666666,0.44052863436111933
X9087,0,263,750,202.81066666666666,66.40966912196514,2.3066666666666666,0.47540533113479655
X9089,0,255,648,203.32253086419752,67.2975426404752,2.29320987654321,0.43488440152167546
X9090,0,266,750,203.61466666666666,67.7687404699902,2.308,0.47424657534233583
X9091,0,258,750,202.62933333333334,66.65142113680365,2.3226666666666667,0.48973854371647746
002b2acb-0c9d-4475-aa21-9f46812b3d6c.methylation_array.sesame.level3betas,1,258,750,199.516,64.57695469231523,2.2973333333333334,0.43150513398436474
00ac1bef-1474-4d34-97a0-1083f3a705a8.methylation_array.sesame.level3betas,1,253,750,202.332,65.7438497199548,2.336,0.44705281959672183
01ed2282-a148-47f4-b8ca-4c6b6dad2973.methylation_array.sesame.level3betas,1,259,750,198.91333333333333,64.44207079919832,2.304,0.4458204334364175
023fda04-970d-4324-97bc-117c6b5c591a.methylation_array.sesame.level3betas,1,257,750,199.31466666666665,64.4529155137471,2.348,0.46587301587289265
02fe56ef-25af-48b4-a0de-f511492b63e2.methylation_array.sesame.level3betas,1,240,750,202.604,67.16804188501156,2.3826666666666667,0.4570332480817245
03cb3c09-96e4-4e0b-a5cf-0b8bd3448c7c.methylation_array.sesame.level3betas,1,259,750,199.11866666666666,65.06327626412785,2.284,0.4702168542408811
03e826d2-b488-466c-9144-55b1e2532ae8.methylation_array.sesame.level3betas,1,254,750,200.92266666666666,65.2352206982973,2.3133333333333335,0.46891891891879217
0473ced5-ec50-4a15-8d6f-6ce62c2364ce.methylation_array.sesame.level3betas,1,260,750,200.14666666666668,65.4242551012662,2.3306666666666667,0.4670050761420072
0489f5bb-8b64-483e-8724-e48e5e467445.methylation_array.sesame.level3betas,1,257,750,199.08666666666667,64.83891184226404,2.26,0.46952908587244613
05a58db0-dede-4344-8c5e-05d2df70b509.methylation_array.sesame.level3betas,1,262,750,197.824,65.20397501175319,2.3053333333333335,0.4571655208882979
07b63b28-b6fe-41f8-9553-e5c7820805c9.methylation_array.sesame.level3betas,1,251,750,200.752,66.44508381111929,2.2773333333333334,0.4437516237982739
0815fe8b-761d-4cc2-bc77-6d0e04b3c744.methylation_array.sesame.level3betas,1,258,750,201.80666666666667,66.46421560174736,2.3133333333333335,0.45418848167527376
081d1808-e239-43ff-82b6-cfd62aeddce3.methylation_array.sesame.level3betas,1,264,750,203.028,67.42265110974698,2.2866666666666666,0.4540640720147064
09cb404b-1e46-4fc4-9fe7-39fefb4320ec.methylation_array.sesame.level3betas,1,252,750,205.16533333333334,67.73327590548747,2.3506666666666667,0.470258735662718
0b69999f-da07-474f-9170-dfc71fd1d16b.methylation_array.sesame.level3betas,1,263,750,203.0,66.37252443594413,2.3253333333333335,0.4355644355643268
0d7e27ed-443f-4803-9349-6acb53ccc344.methylation_array.sesame.level3betas,1,255,750,197.824,64.93901516551253,2.2693333333333334,0.45362473347535887
0e0fa48a-4e5d-4cec-96bd-7cea587f7928.methylation_array.sesame.level3betas,1,249,750,198.96,64.0447843309664,2.3493333333333335,0.4542407837070239
0e62b49f-0049-4356-bf46-9d803e5a6a02.methylation_array.sesame.level3betas,1,256,750,201.27866666666668,65.97735731462895,2.316,0.4629530916843116
0f2c658f-6042-401b-b42e-8f56224bcdf3.methylation_array.sesame.level3betas,1,258,750,200.69466666666668,64.66536505906559,2.2893333333333334,0.44412829798229586
0fa632b8-6652-459e-9c04-e90998332fd9.methylation_array.sesame.level3betas,1,251,750,201.30266666666665,66.0882470102581,2.312,0.45321484579183136
0ffddf00-17a9-4d06-a57f-f370fcca86c6.methylation_array.sesame.level3betas,1,259,750,200.28266666666667,64.83019949238334,2.3026666666666666,0.46967636660308143
10126ac2-f47b-4140-85d3-076880cd1b65.methylation_array.sesame.level3betas,1,268,750,201.17733333333334,65.49820775834677,2.328,0.4744565217390015
10e039d1-3d95-4082-bbdf-ca228d1ac12a.methylation_array.sesame.level3betas,1,256,750,198.63733333333334,66.08862085277784,2.3306666666666667,0.4485501667948554
111a2acf-c89d-4550-ae35-033e1d6a4a53.methylation_array.sesame.level3betas,1,258,750,198.36666666666667,64.75768337082138,2.2893333333333334,0.46493365827228134
115cd4f0-1d86-437e-9672-a2d8cfa08ae9.methylation_array.sesame.level3betas,1,248,750,199.264,66.00361331523197,2.3306666666666667,0.4760348583876699
11d062ff-249c-41b8-a2c7-2245091d0442.methylation_array.sesame.level3betas,1,255,750,199.72,63.81612335452538,2.2906666666666666,0.4497382198951702
11ec5061-f259-42b8-8b38-374647dee9f8.methylation_array.sesame.level3betas,1,262,750,200.28133333333332,65.50315655159086,2.316,0.4644385026736726
1243c462-0e5e-407a-b0b8-f4231185015d.methylation_array.sesame.level3betas,1,249,750,199.556,64.83150620904418,2.2786666666666666,0.4499736703526988
1254942e-3742-48d2-9322-1169a446ebcc.methylation_array.sesame.level3betas,1,260,750,204.28266666666667,67.20960322916824,2.3093333333333335,0.4285007422067223
12807c1a-e977-4dcb-a9da-058690c31884.methylation_array.sesame.level3betas,1,255,750,198.70933333333332,64.61404011169364,2.3106666666666666,0.46053680573997857
1321955d-3385-4a87-8e7d-207465ad136e.methylation_array.sesame.level3betas,1,257,750,198.99466666666666,65.26967625338908,2.3013333333333335,0.46699134199121567
13e2cd72-c835-4a7c-92a9-9a3744999e60.methylation_array.sesame.level3betas,1,259,750,198.932,64.47188050615554,2.304,0.46079999999987714
140d52bb-470d-43ed-a6df-7ed8f6b4dfcd.methylation_array.sesame.level3betas,1,247,750,200.74133333333333,66.19967591730004,2.3373333333333335,0.4628993926589747
14536e29-83e9-47f4-844c-8a6bac1f0a23.methylation_array.sesame.level3betas,1,265,750,199.336,64.7945813372281,2.2573333333333334,0.45547484530523125
148ff983-90ae-43e0-a853-baec1db4ef64.methylation_array.sesame.level3betas,1,258,750,200.316,66.1531365645903,2.3386666666666667,0.46060924369735806
14a226e0-1de2-443c-a96b-1941e9627406.methylation_array.sesame.level3betas,1,259,750,201.996,66.48565748089332,2.316,0.4525794684730452
14b4f26d-5ae2-4f9a-8ca7-bfa30ab3c7d5.methylation_array.sesame.level3betas,1,254,750,194.56266666666667,63.9275272441814,2.2746666666666666,0.43200810331718614
151dc293-be67-469f-8fcc-c85798c6d4f8.methylation_array.sesame.level3betas,1,260,750,201.268,67.0710780391469,2.2946666666666666,0.4358065332994592
152945b1-8069-40a0-89e7-ac880dcf1a8a.methylation_array.sesame.level3betas,1,262,750,203.89733333333334,68.16729513646717,2.3146666666666667,0.45925925925913774
1600711d-e218-45e0-8229-723c48103d43.methylation_array.sesame.level3betas,1,261,750,198.80666666666667,65.70362716184108,2.3093333333333335,0.43992887985764795
16cfa4e1-ff79-4f73-bba0-0d7932ff19c6.methylation_array.sesame.level3betas,1,249,750,201.64133333333334,65.62534590300373,2.3053333333333335,0.44140924176654545
17253ca9-9e27-4f27-90c2-00e6a1eb4463.methylation_array.sesame.level3betas,1,251,750,201.60133333333334,66.4290478497338,2.3,0.45335085413917126
172afb98-2b9b-4248-9b74-3fc87a42af22.methylation_array.sesame.level3betas,1,262,750,198.57333333333332,64.7586232782082,2.288,0.4509855453349669
1ac5bdc3-aa3d-446e-a11c-2090c5af34ab.methylation_array.sesame.level3betas,1,252,750,200.808,65.65837191605246,2.2866666666666666,0.45179135932548686
1b8aee34-7605-49ff-94cf-3f6b4a90d7bc.methylation_array.sesame.level3betas,1,258,750,202.86266666666666,66.40014914307213,2.32,0.4554973821988336
1b9dea2b-a7bd-4284-b483-1a2a08773fc4.methylation_array.sesame.level3betas,1,258,750,200.96933333333334,65.00876140610245,2.276,0.4409713252388424
1c0d93ce-4556-4fec-9dd5-f286f33088f3.methylation_array.sesame.level3betas,1,262,750,200.71466666666666,65.3322476644489,2.288,0.43300529901578777
1c208c99-b68a-4ae3-a6c9-5c64f58bbd64.methylation_array.sesame.level3betas,1,258,750,202.64133333333334,65.7077825798098,2.304,0.4556962025315254
1d172504-25e1-440e-a3ba-65f2bf3670ec.methylation_array.sesame.level3betas,1,252,750,203.672,67.29090391229214,2.312,0.44279877425933534
1e9dcf52-0142-4add-b862-33aa35604179.methylation_array.sesame.level3betas,1,246,750,197.51466666666667,65.26106893257436,2.316,0.4700947225979783
1fea0b6e-29c2-45e3-934a-0687153dbaa8.methylation_array.sesame.level3betas,1,257,750,198.0,65.31107103699954,2.296,0.45161290322568803
2034304b-bc4c-4542-935c-3eb6b0b4fba3.methylation_array.sesame.level3betas,1,258,750,199.28666666666666,65.26901630091332,2.2986666666666666,0.47065247065234217
20732d96-dd0b-4c9e-9357-2008a35dd9ca.methylation_array.sesame.level3betas,1,246,750,201.504,65.87340877774582,2.2893333333333334,0.4433255873998339
2084fd32-9a5b-4e75-8b81-7ff082b7139e.methylation_array.sesame.level3betas,1,263,750,203.184,66.09970860248427,2.3,0.4424211336238927
20cf2d85-72c8-458f-95ec-c4084936e849.methylation_array.sesame.level3betas,1,262,750,201.188,67.27046396946186,2.2853333333333334,0.43959989740947947
20dde4f5-7232-4fe5-979f-ace5a73286c9.methylation_array.sesame.level3betas,1,258,750,200.668,66.6207608482521,2.2866666666666666,0.4509597686036153
21fe12d7-9da4-458c-a348-34f117a9b0d8.methylation_array.sesame.level3betas,1,257,750,198.924,65.70035685341949,2.272,0.4517497348885335
220448ca-a103-4e02-a8d4-8090f9278026.methylation_array.sesame.level3betas,1,258,750,200.60666666666665,65.81409136516451,2.356,0.45042059648216914
23c18107-a9c2-48f8-93df-80f16e466086.methylation_array.sesame.level3betas,1,262,750,200.83333333333334,65.51291136528398,2.2946666666666666,0.44981704129627553
23f4f644-6996-4841-a510-1e65e4a693b6.methylation_array.sesame.level3betas,1,257,750,200.30266666666665,65.51472399053175,2.3466666666666667,0.44099223252306663
24ab98eb-02eb-4866-b107-cc5967eedc58.methylation_array.sesame.level3betas,1,258,750,196.144,64.09406054646041,2.32,0.4608050847456407
25a7cf09-4369-4ef2-b5eb-c41199b89a55.methylation_array.sesame.level3betas,1,252,750,205.076,67.53569592445167,2.396,0.4817694369971899
26f6e535-4298-4b4b-9390-5dc795f878f5.methylation_array.sesame.level3betas,1,250,750,198.31466666666665,64.41850395309996,2.308,0.44521604938260156
27064c2c-9300-4910-8264-49980b5273fb.methylation_array.sesame.level3betas,1,269,750,203.38266666666667,67.03854786281961,2.316,0.44299923488894594
28c3cf31-1550-4060-bb7e-ba21576e8ac0.methylation_array.sesame.level3betas,1,257,750,198.96266666666668,64.96670895842647,2.292,0.4629679504442599
293acc99-d23a-4b70-980d-27d4f7dcfdf4.methylation_array.sesame.level3betas,1,250,750,202.14666666666668,66.47605951685831,2.312,0.4401015228425279
2a26fe88-7d2d-406e-b771-041bc179d8d6.methylation_array.sesame.level3betas,1,256,750,199.268,66.45446693789665,2.304,0.44848170256931
2a55cc19-3fa9-4483-aab5-38d53ba73649.methylation_array.sesame.level3betas,1,264,750,198.26533333333333,64.33744579601802,2.2906666666666666,0.4550993377482238
2a610e1a-cd58-4612-9e6f-b8da2cef921f.methylation_array.sesame.level3betas,1,252,750,201.72133333333332,66.5776615056098,2.3,0.44980443285516303
2a6aa5a8-1dc9-47a5-8fe1-394641b97009.methylation_array.sesame.level3betas,1,261,750,200.28266666666667,66.33748135774292,2.324,0.4347717635319444
2b0a0fde-69d9-44f1-885c-b5bbd5302546.methylation_array.sesame.level3betas,1,257,750,196.28266666666667,64.56124817738751,2.2813333333333334,0.454207592248353
2bdd8e0b-ef48-4680-830a-f58b8491c9d4.methylation_array.sesame.level3betas,1,267,750,203.432,67.39612285584386,2.3173333333333335,0.4528400208440717
2ca02105-233b-4632-bb60-ea3fc46169dc.methylation_array.sesame.level3betas,1,267,750,197.896,65.09074576312672,2.3053333333333335,0.45608018992338273
2e5d66ed-baea-42e1-86af-6089d2d9242a.methylation_array.sesame.level3betas,1,261,750,196.696,63.66776984733589,2.324,0.48389783453623436
2f03645b-26dc-4f3a-a4f2-d716ef3b5e97.methylation_array.sesame.level3betas,1,249,750,199.888,65.47818559897131,2.34,0.46379492600410577
30ef2ff4-0d88-420e-a828-02a2f933176e.methylation_array.sesame.level3betas,1,256,750,202.76133333333334,66.44374340915947,2.2733333333333334,0.4563704496786787
32019f0d-b756-48f2-bbba-917cb23fa2fa.methylation_array.sesame.level3betas,1,251,750,202.388,66.66401420056651,2.324,0.4740277400053103
32b7d520-ec3a-4206-8e58-f2eb43e67490.methylation_array.sesame.level3betas,1,262,750,204.39866666666666,67.51323621993608,2.3053333333333335,0.4421994884909355
334b28be-6f05-4e9f-8dd4-903e13beb2fe.methylation_array.sesame.level3betas,1,257,750,199.45866666666666,65.20169955521779,2.32,0.45430809399465943
33acc379-2bf1-4217-a03f-a134e14973d3.methylation_array.sesame.level3betas,1,250,750,195.64933333333335,64.57009395137108,2.3053333333333335,0.4495579823191759
33d9e25f-25a3-4c04-b11b-7b456095df41.methylation_array.sesame.level3betas,1,255,750,197.95066666666668,65.01810183496764,2.284,0.4607315761160676
33edb3fc-6573-4e7e-8a7e-277e5a7f58bb.methylation_array.sesame.level3betas,1,250,750,199.80133333333333,66.5566365202516,2.2946666666666666,0.4655125777656301
34cb5861-a5b9-4094-a564-ffd6476efc83.methylation_array.sesame.level3betas,1,259,750,194.88933333333333,63.32809607819336,2.296,0.4568851154151083
34ec0b97-165a-4ea9-8da0-604106f4ba01.methylation_array.sesame.level3betas,1,251,750,201.16666666666666,66.08134549343121,2.3213333333333335,0.4495223341078106
3556c898-e1b0-48f4-b576-cd0cef7b959f.methylation_array.sesame.level3betas,1,261,750,200.692,65.94862497429344,2.3573333333333335,0.4898863951231671
35c7cd2a-019f-42ab-ac9c-38a62df9c242.methylation_array.sesame.level3betas,1,264,750,203.58266666666665,66.00879107782201,2.292,0.4599946481133369
36218eec-eef7-49f8-a315-aa63a5957f20.methylation_array.sesame.level3betas,1,251,750,198.48133333333334,65.41259041567524,2.3373333333333335,0.46511010878204695
37ab77c2-82ba-4c63-9b4f-daf004141c44.methylation_array.sesame.level3betas,1,258,750,201.25333333333333,66.43452783672726,2.3146666666666667,0.44229299363046054
37ace855-d159-4afd-8ba5-7d336014fe65.methylation_array.sesame.level3betas,1,256,750,199.77466666666666,64.81862817294287,2.272,0.4672333424731376
38066883-b8bf-4659-96d0-66b2afe2f94f.methylation_array.sesame.level3betas,1,258,750,200.38933333333333,65.99673037018998,2.3733333333333335,0.4787520172134269
38ce0c14-a11c-4635-ae10-036072f41730.methylation_array.sesame.level3betas,1,261,750,197.76533333333333,65.28923033871835,2.3026666666666666,0.4496224941420334
38f574d5-c3f3-4ec7-af0f-bfc91a7827f9.methylation_array.sesame.level3betas,1,264,750,202.444,65.8535865689941,2.304,0.4571428571427362
394035d4-ebdc-41c0-8649-4482248d6225.methylation_array.sesame.level3betas,1,251,750,204.284,67.90652897426972,2.276,0.44349181605600324
39c74999-7750-4d1a-9bd6-7637a2692e67.methylation_array.sesame.level3betas,1,264,750,201.276,66.0001804846017,2.2946666666666666,0.4372459349592385
39eedeaf-29ed-48cb-b545-33b6cd04167c.methylation_array.sesame.level3betas,1,265,750,201.35066666666665,64.79560452856524,2.2693333333333334,0.4369704749677954
3b0175aa-907d-4e38-ba14-01a4861f1ff9.methylation_array.sesame.level3betas,1,265,750,201.97466666666668,67.31730355727436,2.2826666666666666,0.44957983193265505
3b13ab45-bb85-4839-aaed-1c29b31d99ff.methylation_array.sesame.level3betas,1,250,750,205.59066666666666,68.03427895472171,2.2493333333333334,0.4407001044930928
3b40b113-19d9-4c0e-a948-53aedc88beac.methylation_array.sesame.level3betas,1,265,750,201.18133333333333,65.95848531378574,2.3,0.46321160042952114
3bad0876-b9c4-4172-9c46-fff00271a429.methylation_array.sesame.level3betas,1,253,750,197.33466666666666,64.32124582817787,2.3253333333333335,0.4444444444443312
3bdbbcc5-2d3a-4290-9825-b8de6976a513.methylation_array.sesame.level3betas,1,252,750,200.512,66.37416557667599,2.336,0.4631245043614953
3c52e53a-4fc4-4a53-999d-93516248d605.methylation_array.sesame.level3betas,1,255,750,200.57333333333332,66.08371929269384,2.3453333333333335,0.4643611404433832
3d95092d-77d3-4704-9d6b-25e774e28713.methylation_array.sesame.level3betas,1,252,750,198.26266666666666,64.71697618262323,2.296,0.4587107085773951
3dc800dc-249f-4dcd-ae87-c8af6b57ed2c.methylation_array.sesame.level3betas,1,254,750,198.67466666666667,64.75262279029492,2.2773333333333334,0.4670494941207364
3ee544b8-184d-48f1-982c-592504a19b66.methylation_array.sesame.level3betas,1,248,750,201.30666666666667,65.38804647810043,2.3533333333333335,0.4624050301282519
3f28c95e-c823-43fe-92b4-0f3f708db891.methylation_array.sesame.level3betas,1,260,750,199.38533333333334,65.74901407287835,2.2853333333333334,0.4810552904854109
3f89b03c-484d-46fc-949a-04e9b3c47100.methylation_array.sesame.level3betas,1,253,750,200.33333333333334,65.88805320811623,2.2946666666666666,0.44841063053662106
3fdcd39c-3cf8-42d0-b435-e88057f71d5f.methylation_array.sesame.level3betas,1,258,750,203.91733333333335,66.70706983687877,2.284,0.4403598971721233
3fde76ee-1b5d-41f3-bbf1-4488cdabe28f.methylation_array.sesame.level3betas,1,267,750,201.76,65.66517900176115,2.2986666666666666,0.45013054830275456
3fe3c906-a666-4c24-84df-15ff2b2e28b4.methylation_array.sesame.level3betas,1,257,750,197.672,65.29783367514321,2.3453333333333335,0.4673219978744773
41badc95-1e62-4af4-ad19-fcfae9769d24.methylation_array.sesame.level3betas,1,257,750,206.06666666666666,67.20093914687668,2.3253333333333335,0.4658119658118414
43b79b62-e6d4-42cf-b08d-396854278f00.methylation_array.sesame.level3betas,1,254,750,197.47466666666668,64.38388016335215,2.2653333333333334,0.44337160751554194
43d11bf8-5fba-4dac-be15-15d973da51cc.methylation_array.sesame.level3betas,1,254,750,204.608,66.6897168684948,2.3213333333333335,0.4449271658572847
43dacc82-db30-4ebf-8652-9f6ba1e0a70a.methylation_array.sesame.level3betas,1,252,750,203.29866666666666,66.49420123756825,2.296,0.4568851154151083
43f147e4-d7d0-49bd-b6c7-36c37facbf59.methylation_array.sesame.level3betas,1,255,750,197.95466666666667,63.880643481069875,2.368,0.4616584351441483
44b19c6c-8ea4-4e67-83e1-9a10ea9fe804.methylation_array.sesame.level3betas,1,255,750,199.66266666666667,66.52255411679728,2.344,0.43568773234189945
459536ab-a40c-4859-adaf-ce22a3e8c3cd.methylation_array.sesame.level3betas,1,265,750,200.30266666666665,66.36153800374296,2.316,0.4606205250595437
467d12d9-073d-4333-93f2-b29bb2b019e0.methylation_array.sesame.level3betas,1,260,750,197.43866666666668,64.84935032999346,2.2706666666666666,0.4425675675674526
46a5c115-bf2a-471f-b110-d4d431f8ed14.methylation_array.sesame.level3betas,1,250,750,202.6,66.4371783466657,2.324,0.44351145038156653
49105f7f-49e0-48ac-93d1-c1713ee88d22.methylation_array.sesame.level3betas,1,257,750,203.75866666666667,66.69833899647644,2.34,0.4594240837695132
4930e09e-5349-4289-b0f7-d72684b13c9c.methylation_array.sesame.level3betas,1,261,750,201.89866666666666,66.31408396076624,2.3013333333333335,0.4583112055229797
4a458546-5360-4050-82ea-a2ebebb43f9a.methylation_array.sesame.level3betas,1,256,750,201.08533333333332,66.70890533920907,2.324,0.4531981279249992
4aa1983f-b7db-48ec-ac96-42f5fd05b988.methylation_array.sesame.level3betas,1,252,750,197.484,64.74422813914252,2.3106666666666666,0.46090425531902635
4ae6600d-1c20-453d-b1da-d9d87d4a788b.methylation_array.sesame.level3betas,1,251,750,195.16266666666667,63.524401134961956,2.3746666666666667,0.4699208443270528
4bbf964b-eb5f-4dce-a449-ad1f9367fc14.methylation_array.sesame.level3betas,1,251,750,199.70133333333334,64.75219531585182,2.38,0.46911957950053373
4c148f26-5cc1-4c64-8a42-379a7bb93f48.methylation_array.sesame.level3betas,1,258,750,205.02,66.59043675083282,2.3106666666666666,0.45749736008435654
4cd32acb-315c-4af3-8750-9e258ec67446.methylation_array.sesame.level3betas,1,255,750,197.47466666666668,64.38479135807013,2.328,0.4653518123666137
4cfee232-dedf-4a70-8a29-bf4ad0de9afd.methylation_array.sesame.level3betas,1,260,750,203.96,67.6632524590219,2.316,0.45035001296332633
4de8ab15-d49a-42b5-80ec-ab0267de8a3b.methylation_array.sesame.level3betas,1,248,750,205.35466666666667,67.0647016809555,2.3426666666666667,0.46432346723032125
4f017ae4-6e92-4a72-aaae-052931652e96.methylation_array.sesame.level3betas,1,261,750,199.304,65.32573446965598,2.3173333333333335,0.48077455048396106
4f5fe6e3-4dd5-4a58-88ac-7f46c37c3768.methylation_array.sesame.level3betas,1,258,750,199.848,66.05834463563252,2.308,0.46974219810027956
4f96ee98-c9b9-401d-985a-5e4cf6d87f73.methylation_array.sesame.level3betas,1,272,750,200.56133333333332,65.81528372312586,2.2786666666666666,0.4417162057378026
5098247b-3835-4915-a1f2-28cc7128db14.methylation_array.sesame.level3betas,1,258,750,202.20933333333332,66.58440392631162,2.3013333333333335,0.4649784482757368
515d0c5b-0a33-4c46-a453-6a0d7baafaf3.methylation_array.sesame.level3betas,1,250,750,200.032,64.62430122897526,2.3,0.4390430134893258
51852e30-c3e8-4168-a069-93914090f44a.methylation_array.sesame.level3betas,1,261,750,202.97466666666668,66.39126969380504,2.2933333333333334,0.4362160791274572
52f2f043-0506-4153-83e8-8358c48d5930.methylation_array.sesame.level3betas,1,261,750,202.59866666666667,66.11041469810604,2.3026666666666666,0.46474703982764676
531f3a73-5a24-4ca8-9dce-673c9bb28144.methylation_array.sesame.level3betas,1,252,750,203.04666666666665,66.18603444500627,2.3293333333333335,0.4279764821165047
53585377-fa01-4a16-b30b-9fbf648d5b8d.methylation_array.sesame.level3betas,1,261,750,201.288,65.39555328409826,2.308,0.4637021162602562
53a71eaa-bd48-46a3-96be-93128a20645d.methylation_array.sesame.level3betas,1,264,750,199.20533333333333,64.23521753334035,2.3173333333333335,0.46458166265691936
53a8744b-76e8-4dd0-ab63-b43b84b43765.methylation_array.sesame.level3betas,1,254,750,200.156,66.4617458693345,2.3093333333333335,0.4718060473984005
551306ce-7011-4855-b4b8-c73951a63cfd.methylation_array.sesame.level3betas,1,251,750,201.94533333333334,66.30508033493528,2.316,0.4612320764735897
5531476b-01a6-4b83-9b24-42869f2c09c6.methylation_array.sesame.level3betas,1,262,750,202.812,66.43804624861671,2.308,0.4532600157108004
566fda93-acef-4cb6-b947-09ad51c52ada.methylation_array.sesame.level3betas,1,254,750,199.14933333333335,65.73992469995349,2.2933333333333334,0.44091258651616483
5695b3bd-7bc1-4b00-a1ff-b5319963ba6c.methylation_array.sesame.level3betas,1,249,750,199.07733333333334,64.28243424831459,2.3186666666666667,0.4402531645568506
56e13c0d-4452-48e1-9929-11099e7d7648.methylation_array.sesame.level3betas,1,251,750,198.86,65.53985352440147,2.3293333333333335,0.4362047440698037
57500859-7ecd-41e9-a04b-3f67c8cfac27.methylation_array.sesame.level3betas,1,256,750,201.588,66.84365531596848,2.3333333333333335,0.458715596330155
57c3d19e-c022-419f-98a2-11f0d8be7c1d.methylation_array.sesame.level3betas,1,250,750,199.53733333333332,64.73318010280525,2.3373333333333335,0.4839867476530966
57f1dc7f-d728-4253-8b96-d040dc818a11.methylation_array.sesame.level3betas,1,268,750,201.008,66.53766804850717,2.2786666666666666,0.4469142259413057
591ceea0-4053-4683-ac11-ed0d725e1f65.methylation_array.sesame.level3betas,1,256,750,199.112,64.59232763520241,2.316,0.46307651292976193
59aac981-0387-4154-8570-d1647fd09851.methylation_array.sesame.level3betas,1,255,750,204.184,66.9433253630761,2.2946666666666666,0.4448177823725912
59d1b598-2de3-43eb-b763-49ee299b54a5.methylation_array.sesame.level3betas,1,250,750,197.91466666666668,64.2954071834753,2.3346666666666667,0.4524547803616402
5cd391f0-ac1f-4d68-a58b-db91f5f4c254.methylation_array.sesame.level3betas,1,261,750,202.432,66.39540176849599,2.292,0.4491769009666974
5cf01ba2-4385-426b-ba70-5cb6869ee782.methylation_array.sesame.level3betas,1,259,750,199.55466666666666,65.71621067049506,2.34,0.451970126190973
5d205c95-9fd5-48a7-bbe4-6b70dcf5ecab.methylation_array.sesame.level3betas,1,253,750,200.61466666666666,65.55571308606308,2.3466666666666667,0.44817927170856936
5e0c5d31-f3d6-4dc2-af42-28a57d19cfb7.methylation_array.sesame.level3betas,1,259,750,200.42666666666668,66.5673339976565,2.2973333333333334,0.47050791916972406
5e4bbc4d-b404-4a37-abed-ce7e1de13ce7.methylation_array.sesame.level3betas,1,252,750,201.58133333333333,65.74149920881196,2.352,0.4466953659153085
5fe8175c-41ca-4884-ab3d-05fad5fd4e3e.methylation_array.sesame.level3betas,1,255,750,194.616,63.25429532714227,2.3133333333333335,0.46891891891879217
600cca17-2a77-444e-9643-5b11e7150f1c.methylation_array.sesame.level3betas,1,258,750,202.36933333333334,66.85092564471756,2.2946666666666666,0.45420955397190443
61da217e-f98b-43b2-aa5e-d8329fc5b671.methylation_array.sesame.level3betas,1,257,750,200.33866666666665,64.83363302758497,2.3653333333333335,0.4696849351335797
626f89a3-3d72-4c1b-b222-0af5d53b88b3.methylation_array.sesame.level3betas,1,267,750,201.28933333333333,66.54051612530687,2.3186666666666667,0.44796496651199175
62cf29a6-a712-4ccd-9d80-ab28a42e4f3e.methylation_array.sesame.level3betas,1,257,750,202.67066666666668,66.67242963091182,2.312,0.44887393217694826
62d2be13-55f8-4c16-84ad-557a09b85b8a.methylation_array.sesame.level3betas,1,255,750,197.74666666666667,65.78366430116894,2.2693333333333334,0.44311377245497446
62dfb7d8-3d8b-4ab5-ad88-f80f884ac502.methylation_array.sesame.level3betas,1,261,750,201.57466666666667,65.93753931984084,2.2853333333333334,0.44392644392632896
64290030-6f1c-406b-a4c9-f3d461ac1149.methylation_array.sesame.level3betas,1,262,750,200.47866666666667,66.70929129355886,2.3093333333333335,0.4560294892047246
6485c6fd-7019-4254-a095-fd21fec98ecb.methylation_array.sesame.level3betas,1,267,750,197.924,63.9867764255501,2.268,0.45396317053630797
649bd2a2-928d-4845-a8d2-9ec4a9a7dae5.methylation_array.sesame.level3betas,1,257,750,201.76666666666668,65.79195661747382,2.3066666666666666,0.4524058577404675
6512ecfb-7762-4deb-bf0a-83f3fb10bdd1.methylation_array.sesame.level3betas,1,261,750,200.7,66.07118887987411,2.3173333333333335,0.4473616473615322
654f1d64-e6c6-4d79-8292-a6e7c63b1f23.methylation_array.sesame.level3betas,1,267,750,201.148,66.2817076022236,2.3146666666666667,0.47238095238082384
6595e567-63c1-4536-a7f3-7d48e8f78e7e.methylation_array.sesame.level3betas,1,262,750,199.52933333333334,64.8821583556596,2.316,0.47022198159164313
65961cb7-5998-4d94-af2f-1c296fd6b674.methylation_array.sesame.level3betas,1,264,750,203.3,67.96359319518061,2.2933333333333334,0.4449042938436511
65e67596-dc14-4bf8-8c18-11dadcc6fa92.methylation_array.sesame.level3betas,1,255,750,200.472,65.32489991828027,2.2866666666666666,0.4791841296450184
667e90bb-eb62-4ef2-bac1-4aa1fedf501c.methylation_array.sesame.level3betas,1,257,750,199.65333333333334,64.31683933638392,2.3266666666666667,0.45501955671435335
6727d130-3a87-4966-b917-aeeb58910bac.methylation_array.sesame.level3betas,1,255,750,203.22266666666667,66.14900165199438,2.3533333333333335,0.4439134808852002
67b9524e-f78a-4dfd-a749-9d8aa601ac11.methylation_array.sesame.level3betas,1,260,750,203.22933333333333,66.58348698855862,2.2893333333333334,0.45208004212731645
67f85afa-477f-493c-9510-58595f3680f0.methylation_array.sesame.level3betas,1,266,750,199.68133333333333,65.1069769806244,2.3133333333333335,0.46316070475161153
6832e903-5ec7-4180-b8b6-cb38b7bfc3e7.methylation_array.sesame.level3betas,1,254,750,206.46933333333334,67.46221455666044,2.332,0.4626984126982903
69073609-ccb9-4a39-859d-2f9d8dd3882f.methylation_array.sesame.level3betas,1,247,750,201.30666666666667,66.64922571859998,2.2746666666666666,0.45408570668074155
691dbafd-0e3f-4ffc-ac1f-35f4de21270c.methylation_array.sesame.level3betas,1,254,750,205.38533333333334,68.18028687400943,2.3586666666666667,0.4306231742939555
699a1cd5-b493-4714-9791-7ec57606c624.methylation_array.sesame.level3betas,1,249,750,201.06533333333334,66.62377752391076,2.3026666666666666,0.40654425612043155
6a7030dc-63c0-4843-9ab7-bb55f5f25681.methylation_array.sesame.level3betas,1,259,750,205.00666666666666,65.92036576219994,2.3293333333333335,0.45153786508129967
6a9582e3-30a7-4444-8782-ec54003abd1a.methylation_array.sesame.level3betas,1,261,750,198.81733333333332,65.60969414821427,2.2986666666666666,0.4377856780090305
6aa3b9fc-a0c9-4ad1-93fb-da8505901837.methylation_array.sesame.level3betas,1,256,750,199.04266666666666,65.81858536580344,2.332,0.45917563664991884
6abd70ff-6455-4c0b-8d34-53b946ef17e5.methylation_array.sesame.level3betas,1,255,750,200.63866666666667,66.07318244357708,2.308,0.4325337331333252
6aceb16e-2157-4e6d-b01a-035edac0f3f0.methylation_array.sesame.level3betas,1,250,750,201.408,66.11030330188076,2.3573333333333335,0.4442211055275266
6b0ffce2-6c6e-4bc5-bb9c-2f4e4ad9f15c.methylation_array.sesame.level3betas,1,256,750,196.884,64.68917382890793,2.3106666666666666,0.44299591002033667
6b2f244b-9bed-4ce4-a8b6-dfaa429b25b7.methylation_array.sesame.level3betas,1,256,750,202.89333333333335,67.47397984079163,2.2973333333333334,0.4412291933417564
6b5c3cc5-1f11-444c-8b03-ad15e312fef7.methylation_array.sesame.level3betas,1,264,750,199.68133333333333,65.06625176097224,2.332,0.44973000771394966
6b62f7e7-f9d8-4dd6-889d-c28aba79ba45.methylation_array.sesame.level3betas,1,252,750,196.20266666666666,64.05898526271619,2.312,0.49275362318826577
6b97a90f-83e3-440d-9c8d-20fe160e362d.methylation_array.sesame.level3betas,1,263,750,201.56666666666666,65.53045263251447,2.2946666666666666,0.4536109646809558
6ba0171b-46eb-43a3-80dd-c7a1eb13c5c3.methylation_array.sesame.level3betas,1,252,750,199.57733333333334,65.76488439551578,2.2946666666666666,0.4767313019389261
6c2c5c0e-1012-47e5-9e70-6692440c33cd.methylation_array.sesame.level3betas,1,263,750,203.78133333333332,66.65345341057397,2.356,0.4749999999998723
6c39317f-24a3-4f60-8dcd-0a7b6c4a790b.methylation_array.sesame.level3betas,1,249,750,207.104,68.56276820549182,2.3693333333333335,0.447945550793938
6c8442da-2a36-4294-8730-0288028fc588.methylation_array.sesame.level3betas,1,252,750,201.14133333333334,64.7018497279809,2.3293333333333335,0.45732984293181744
6caf9626-5fd2-4421-bba7-62683ffb0f30.methylation_array.sesame.level3betas,1,268,750,203.88533333333334,66.38409587309968,2.308,0.4725634725633436
6dfc7c02-8d63-4039-b6cf-d5fdd9af7518.methylation_array.sesame.level3betas,1,263,750,197.07733333333334,63.871553549987254,2.3146666666666667,0.4621938232160644
6e38dc2d-2ddf-4907-af0c-33b7e4c95b74.methylation_array.sesame.level3betas,1,261,750,199.14,64.72300260855229,2.32,0.46313548043639524
6ee55b5f-d616-4a46-9fd9-fe591dcd4d7d.methylation_array.sesame.level3betas,1,264,750,201.52666666666667,65.09391130427552,2.3226666666666667,0.4610905240866964
6f17c576-f929-4b61-be3b-25c32775dc82.methylation_array.sesame.level3betas,1,251,750,200.936,67.11584937504206,2.344,0.46178092986591496
6f1db8b9-e299-48a1-b1b9-001b8d4fe12d.methylation_array.sesame.level3betas,1,258,750,204.144,66.70676575380742,2.2986666666666666,0.46170326727357747
6f386377-954e-41d2-8b75-970aac05cb0c.methylation_array.sesame.level3betas,1,267,750,200.43866666666668,65.24682039421964,2.2773333333333334,0.47576601671295937
70631f26-0d47-46cf-8d73-1a5cb184cfac.methylation_array.sesame.level3betas,1,252,750,200.9,65.82736513031644,2.3226666666666667,0.48108257387448744
71c38ad4-1e2e-4ac8-a39c-45e4a19016a2.methylation_array.sesame.level3betas,1,252,750,197.23733333333334,63.69782575741673,2.332,0.4670226969291143
71d265ec-f9e6-455e-a3a6-5b5937b722dd.methylation_array.sesame.level3betas,1,258,750,200.112,66.14038193620193,2.284,0.44632621156840896
7237c71d-f7fa-4787-86eb-a27a1228bb5c.methylation_array.sesame.level3betas,1,266,750,203.396,66.48116914334966,2.336,0.45073321327490334
732547f9-5e8f-449f-9a35-e4fd355a98b6.methylation_array.sesame.level3betas,1,259,750,203.21733333333333,66.35536225170921,2.3173333333333335,0.45166320166308427
733beb24-62f6-47e3-a446-603dadb8a844.methylation_array.sesame.level3betas,1,262,750,202.74133333333333,66.37021238142572,2.3226666666666667,0.440789473684099
739934e1-6e74-4813-8d78-c1b78127ac5c.methylation_array.sesame.level3betas,1,259,750,205.09733333333332,66.6221374085888,2.304,0.46551724137918493
74a5719a-335c-4ac1-974f-00db57a3f570.methylation_array.sesame.level3betas,1,253,750,199.92266666666666,65.53864523741359,2.332,0.47003493684480785
74af2be2-3bb8-44d3-8e3a-5fa9c3db5335.methylation_array.sesame.level3betas,1,247,750,198.72133333333332,65.45382859865587,2.312,0.46006898381521355
750a1b77-31cd-4d4f-b1b7-593e5749428b.methylation_array.sesame.level3betas,1,255,750,199.82533333333333,65.25122853164443,2.2773333333333334,0.4758985789912299
75aff01c-470a-4ea9-a7dc-271da5009e07.methylation_array.sesame.level3betas,1,263,750,202.40266666666668,66.99214276979718,2.328,0.46584845250788
75b91801-d53b-42a3-b202-09e59c350eb8.methylation_array.sesame.level3betas,1,262,750,204.88,68.63640627732973,2.3146666666666667,0.4367295597483178
772ac4af-c38c-4ac4-b4f2-41d3a80c119b.methylation_array.sesame.level3betas,1,262,750,200.30933333333334,65.37245326758222,2.2946666666666666,0.4447028423771461
776224d0-98cf-41cb-b23b-358da5b1b201.methylation_array.sesame.level3betas,1,256,750,203.624,66.78510780106595,2.292,0.45913461538449274
77945aaf-b8b0-4f44-bb84-cdde8fd2ddde.methylation_array.sesame.level3betas,1,262,750,196.65733333333333,62.843370742045835,2.2906666666666666,0.487237663074167
77f40746-d33e-4247-8156-315587169223.methylation_array.sesame.level3betas,1,248,750,198.58666666666667,63.92361970004167,2.3346666666666667,0.45587086696161006
7869f02c-5f17-4bca-8862-2f906113a843.methylation_array.sesame.level3betas,1,256,750,199.50533333333334,65.13560704322092,2.3226666666666667,0.4417955871162968
789283ce-5e62-4652-81d1-806eab084d9f.methylation_array.sesame.level3betas,1,254,750,202.66533333333334,67.40908938381793,2.3266666666666667,0.45872765509977426
789490ef-a213-4853-84c8-98f59cf0cb94.methylation_array.sesame.level3betas,1,255,750,199.06666666666666,63.28189490069195,2.3013333333333335,0.46385380274107396
78fafc18-49e3-4dde-bda2-3eb446eb5685.methylation_array.sesame.level3betas,1,254,750,199.52266666666668,65.09540807836517,2.2986666666666666,0.4651915812195183
7933d530-ffda-4b60-b8f7-7777dee107e1.methylation_array.sesame.level3betas,1,257,750,200.976,66.47647772458065,2.3093333333333335,0.4392594471213697
795b9f16-3056-4d4c-bcb7-7bb060d48e44.methylation_array.sesame.level3betas,1,260,750,200.296,66.44575018263646,2.2893333333333334,0.46493365827228134
7a16a5a0-1940-4ce0-8aca-2c16e7431fb5.methylation_array.sesame.level3betas,1,259,750,201.368,65.73514972473504,2.2946666666666666,0.45795635976571103
7a359510-de4a-497d-827b-57809db1631d.methylation_array.sesame.level3betas,1,270,750,198.93866666666668,64.10471827321986,2.3386666666666667,0.46898395721912595
7a3f548c-1165-4187-b7a0-d904b871134d.methylation_array.sesame.level3betas,1,258,750,202.54133333333334,67.16318653018845,2.3186666666666667,0.4358395989973845
7b8d5379-f180-4566-9085-609a7e392bc9.methylation_array.sesame.level3betas,1,257,750,200.46266666666668,65.72930807148023,2.2613333333333334,0.45542427497302485
7c3722c4-09e6-46f2-99f4-024266ed4844.methylation_array.sesame.level3betas,1,258,750,200.232,65.9138188040515,2.2906666666666666,0.452939625626034
7c6b1c07-7864-4f3b-8ad8-49d9791bdba4.methylation_array.sesame.level3betas,1,246,750,199.07866666666666,64.60522536830042,2.3133333333333335,0.4620505992009422
7dafceee-b9bd-4ca7-8482-14c7250ad45b.methylation_array.sesame.level3betas,1,260,750,200.2,66.04596379290209,2.344,0.4674288752989983
7dfdceca-a534-4849-87d4-10200d369000.methylation_array.sesame.level3betas,1,249,750,199.20133333333334,64.99528802066261,2.3666666666666667,0.45853784551783555
7e16aeef-08af-4bd0-9fe4-412d307487a8.methylation_array.sesame.level3betas,1,264,750,198.06266666666667,65.17504690873307,2.3253333333333335,0.4638297872339192
7e2036b6-2000-4fe3-aead-4a63b689db81.methylation_array.sesame.level3betas,1,244,750,200.904,65.19178974891445,2.3386666666666667,0.45700885878049585
7e801693-4ad6-487d-a6d5-e11cd4ba1f8d.methylation_array.sesame.level3betas,1,259,750,201.184,65.49754812713729,2.3133333333333335,0.4719804134927987
815656be-bb86-43ba-afb3-c4c67c831b47.methylation_array.sesame.level3betas,1,245,750,205.38266666666667,67.62478021816821,2.296,0.45220588235282244
81f6713a-b8ad-4391-8935-b9675aa5e944.methylation_array.sesame.level3betas,1,258,750,197.456,63.84364283675131,2.364,0.4587322121602953
81fb6e8f-6540-47f8-a524-3930f264f86b.methylation_array.sesame.level3betas,1,253,750,202.808,66.84920694618098,2.3746666666666667,0.4535268652914557
820590e4-b8fd-4296-b03e-bae1a2a81830.methylation_array.sesame.level3betas,1,253,750,199.29066666666668,63.52856191946702,2.3053333333333335,0.4632904608787612
826cf83d-ac94-41f6-b567-535acab2c438.methylation_array.sesame.level3betas,1,256,750,198.70533333333333,64.64077019618156,2.3226666666666667,0.45963060686003704
82c95944-9bb1-45bb-907f-a24158399335.methylation_array.sesame.level3betas,1,259,750,199.112,64.03957726281459,2.3106666666666666,0.4501298701297532
82da608d-2378-4b3b-8db5-8f30bd2eec13.methylation_array.sesame.level3betas,1,250,750,202.328,66.70575499410327,2.3533333333333335,0.4665609304783329
839c6309-c201-4503-a5f9-b470b30f38b3.methylation_array.sesame.level3betas,1,256,750,200.124,65.30708453656973,2.3013333333333335,0.4379599086525151
83af5d5c-beb6-452b-8f0e-b98b332656b1.methylation_array.sesame.level3betas,1,248,750,198.66533333333334,63.775972473094356,2.3186666666666667,0.47998895942575764
858e64bc-196d-4575-9fa8-b1a70f0011d4.methylation_array.sesame.level3betas,1,255,750,204.79333333333332,67.19270760696845,2.3186666666666667,0.4370444835384677
85c2611e-1d06-4298-81f6-2721d07687b7.methylation_array.sesame.level3betas,1,254,750,199.652,65.27729745222811,2.32,0.47192839707066125
86026125-3f61-44e5-b38e-24d0128c1873.methylation_array.sesame.level3betas,1,255,750,199.85866666666666,64.89670786377037,2.32,0.46723952738977786
864ac16d-fb4d-4f58-903e-11a078bd31bb.methylation_array.sesame.level3betas,1,262,750,196.26266666666666,64.47032655588323,2.3266666666666667,0.48284449363572696
86fbdf21-837b-4fcc-9399-8cb8ae00499e.methylation_array.sesame.level3betas,1,256,750,202.46,66.66597632975909,2.2706666666666666,0.4322335025379614
88976c0b-39ed-482e-815d-f36b353909e5.methylation_array.sesame.level3betas,1,261,750,201.58,66.86695945432741,2.2933333333333334,0.48877522023288184
8932f41f-1fe2-46de-a29a-5f2284f2d55c.methylation_array.sesame.level3betas,1,258,750,200.268,65.2748357025891,2.3613333333333335,0.4911259012755155
89e3b7c2-6c19-4c01-b72e-314271fc15c5.methylation_array.sesame.level3betas,1,261,750,198.45333333333335,64.37239435934907,2.2853333333333334,0.4656343384948477
8a5646e5-dd6f-4c88-8df5-f48b54960af7.methylation_array.sesame.level3betas,1,264,750,198.68533333333335,65.28958813028477,2.332,0.45905511811011573
8ac42e0b-b119-4d52-9d96-ee3880d00a64.methylation_array.sesame.level3betas,1,261,750,197.89866666666666,65.1282867236315,2.3026666666666666,0.4518576661432622
8bc41e3e-6500-4d3c-9775-6101f572deb6.methylation_array.sesame.level3betas,1,254,750,203.61333333333334,66.86930403572495,2.2866666666666666,0.453583708013633
8c2e947c-474a-4b0f-adc7-ec304b79060d.methylation_array.sesame.level3betas,1,258,750,199.35466666666667,64.8016425580573,2.3426666666666667,0.4512069851051743
8e8dc4b7-ce8b-4f7c-999c-e3a64344900f.methylation_array.sesame.level3betas,1,261,750,199.74666666666667,65.87586170636067,2.32,0.4803975704029596
8e9811c9-3ae0-4468-bc96-83da17865f23.methylation_array.sesame.level3betas,1,265,750,202.43333333333334,66.55199638044093,2.288,0.43586487172963273
8e9cdd46-4bb7-47f3-bb79-d369166e1c3d.methylation_array.sesame.level3betas,1,261,750,198.22666666666666,64.68911775218112,2.2933333333333334,0.46511627906964165
8f2b48a8-c4ad-4569-aa73-9911a08a5bd8.methylation_array.sesame.level3betas,1,253,750,198.33066666666667,65.12543788379126,2.3453333333333335,0.4647291941874598
8f691880-4ef5-44e9-a1f8-f4b9c6ef4fa2.methylation_array.sesame.level3betas,1,260,750,202.20533333333333,65.81051971295234,2.328,0.45303580695369666
8fb61be1-d7b8-4b41-8453-394593e81061.methylation_array.sesame.level3betas,1,251,750,200.25333333333333,65.87260297135845,2.3266666666666667,0.45360020795413214
8fe412c5-fcc5-40ce-9fc8-9fd918ca6736.methylation_array.sesame.level3betas,1,261,750,203.43733333333333,66.80830841211959,2.28,0.4535809018566436
9042d24e-dfd0-43d8-b9e1-0b0f6df7f51f.methylation_array.sesame.level3betas,1,255,750,200.55333333333334,66.6448034149867,2.2653333333333334,0.4471052631577771
90b52216-b5bc-47bc-8b80-0c4da9c3070b.methylation_array.sesame.level3betas,1,262,750,200.42533333333333,66.16773955805218,2.252,0.45871808799552993
90b5abf9-0f75-4c7d-aca7-9164a1aecb74.methylation_array.sesame.level3betas,1,257,750,201.936,66.39207711768024,2.308,0.4510161542468861
91646d54-fef6-445e-983a-9172380f5b85.methylation_array.sesame.level3betas,1,259,750,198.82533333333333,64.82370059031051,2.308,0.4682174736271387
91720c9d-3bc4-4429-ae54-71e87bb7b971.methylation_array.sesame.level3betas,1,257,750,199.648,65.06775004562552,2.308,0.45054659031742567
91f982ce-d8d4-44e1-9f49-8b20852fe5c6.methylation_array.sesame.level3betas,1,264,750,201.89466666666667,66.9574858017301,2.3066666666666666,0.45005202913619924
92d30dc0-ec99-4a9f-94f7-9984f45025a9.methylation_array.sesame.level3betas,1,253,750,200.47066666666666,65.48804323097632,2.2933333333333334,0.4750069041699876
9345fd2a-d838-4206-b9c0-86c0e05f09c5.methylation_array.sesame.level3betas,1,256,750,196.66933333333333,63.32011786330015,2.32,0.4684975767365459
934f5e6a-5c3e-4438-aeb0-eb3c0bf9a6ae.methylation_array.sesame.level3betas,1,256,750,193.388,63.15656832560384,2.3613333333333335,0.46827075621351977
93f140fb-9698-4a6d-a594-caba9263034b.methylation_array.sesame.level3betas,1,255,750,198.196,64.28113448490674,2.296,0.45019607843125486
95b87034-0624-4706-823d-ab6570593faf.methylation_array.sesame.level3betas,1,261,750,196.004,62.26754090749583,2.268,0.450357426528872
96047e3a-6f4b-41e7-a10a-cca831ad298a.methylation_array.sesame.level3betas,1,258,750,205.22533333333334,68.47762572467659,2.3106666666666666,0.4596816976126102
961a7752-879d-4f3f-b5be-edf2fe849f30.methylation_array.sesame.level3betas,1,263,750,198.45866666666666,65.77748569905123,2.2813333333333334,0.45360551431589247
964c30a3-04ed-4939-bb00-2c28ca9c038b.methylation_array.sesame.level3betas,1,263,750,198.00933333333333,65.74144238014726,2.3013333333333335,0.4527806925497238
97005f8f-967c-4326-aac4-e81844d8c74c.methylation_array.sesame.level3betas,1,270,750,201.232,66.52980917854292,2.3186666666666667,0.45787256450751507
9716987a-03f5-44a4-b2f0-7febb63d715a.methylation_array.sesame.level3betas,1,258,750,196.332,64.94580645430466,2.256,0.4611610793130387
98a4eca3-b597-438b-9d8d-4066f86786f2.methylation_array.sesame.level3betas,1,257,750,201.36133333333333,65.02298135958462,2.3026666666666666,0.4407861153648696
9a8315ba-db55-426e-8a3c-14947651d063.methylation_array.sesame.level3betas,1,248,750,200.596,65.78910333279619,2.3226666666666667,0.45685811696814665
9b280387-baab-4d1c-9c3c-b4656bab2aeb.methylation_array.sesame.level3betas,1,262,750,196.61466666666666,63.54680835066035,2.324,0.4722297480356347
9daef1ae-dc9f-4690-b8d7-caf48d4aea4d.methylation_array.sesame.level3betas,1,252,750,196.90666666666667,64.31013882394872,2.3026666666666666,0.4591863865991866
9fed810f-84dc-4f0c-951f-6ebb802405ee.methylation_array.sesame.level3betas,1,253,750,205.816,67.80875664199523,2.3133333333333335,0.41898092248239094
a02738d8-f918-41dc-bc0b-fc44f8c6be69.methylation_array.sesame.level3betas,1,251,750,200.808,65.82010181294667,2.34,0.4457708915416699
a03f8b10-3148-4256-a017-20fdc889baef.methylation_array.sesame.level3betas,1,249,750,201.56,66.19251518613464,2.312,0.4559558243490781
a126dc41-8dd0-4198-8d06-458e99e0f424.methylation_array.sesame.level3betas,1,253,750,202.128,66.47746196519037,2.3306666666666667,0.4565160616347724
a16cfaae-dc96-4898-b9ea-40eff1b37faa.methylation_array.sesame.level3betas,1,263,750,199.316,65.24381051614526,2.344,0.5031482541498273
a17c84ce-f10d-445b-8c78-c87bfb072218.methylation_array.sesame.level3betas,1,255,750,201.85733333333334,66.51563961121391,2.32,0.4926387315966895
a22178fe-b344-4630-b0e9-719c8f1fd98b.methylation_array.sesame.level3betas,1,269,750,199.28133333333332,66.06949511604346,2.296,0.45315789473672285
a2c33ee2-3852-40ee-8142-9137c9b45e98.methylation_array.sesame.level3betas,1,266,750,204.02666666666667,66.9852468002387,2.3186666666666667,0.4348587146785609
a33cbaef-e4d2-4b4d-acf9-f53f4081ba3b.methylation_array.sesame.level3betas,1,259,750,203.60133333333334,67.53641781702339,2.2746666666666666,0.4685525954406843
a424b122-51ee-4e63-8cec-ec102779d467.methylation_array.sesame.level3betas,1,257,750,199.01333333333332,63.89795893106098,2.2586666666666666,0.4332480818413214
a478f001-3305-4881-acd5-79bcca154082.methylation_array.sesame.level3betas,1,250,750,200.03733333333332,65.92619059389237,2.3466666666666667,0.4393409885171145
a48c8651-0045-4bb7-a80e-f0811a7da16f.methylation_array.sesame.level3betas,1,265,750,200.804,66.04299799373133,2.3546666666666667,0.43231334149316225
a526753d-c5c1-4d94-9eeb-910a7cb62c8f.methylation_array.sesame.level3betas,1,244,750,196.668,63.447472573775535,2.32,0.4690026954176633
a5ea96ff-aa14-40c7-9bf8-e813e7120d5d.methylation_array.sesame.level3betas,1,258,750,203.72266666666667,67.52566242712635,2.3013333333333335,0.4256473489518062
a5f3c2e6-fd73-41a3-a5cc-de0b7b5bbc3e.methylation_array.sesame.level3betas,1,251,750,201.08,66.20780618627987,2.3146666666666667,0.44478606200347304
a75b8d6b-2f82-4328-9778-583d8f2024e9.methylation_array.sesame.level3betas,1,251,750,203.69466666666668,67.272075223594,2.3106666666666666,0.4579809725157352
a7825675-41d9-4ec0-af01-b0d2daff082e.methylation_array.sesame.level3betas,1,255,750,199.87466666666666,66.88505780981446,2.2986666666666666,0.47942157953268094
a7b078fc-341c-4e9e-ba61-1548bc4337c4.methylation_array.sesame.level3betas,1,265,750,198.932,64.37297084957319,2.3186666666666667,0.43825604838698634
a7c8a0c9-eb05-4364-9942-0c5a367c814c.methylation_array.sesame.level3betas,1,255,750,198.79733333333334,64.79353048637563,2.3173333333333335,0.4762948753081731
a881fef9-9884-4439-90ea-bd73fe3a7a68.methylation_array.sesame.level3betas,1,255,750,202.33066666666667,67.71272647163325,2.344,0.4855012427504873
a88f2597-b7d1-4f1c-91a2-9c545c2a2c54.methylation_array.sesame.level3betas,1,250,750,202.236,66.301364772278,2.3293333333333335,0.43008370260944606
a8cbc5af-0efc-4630-af8b-058a2dd9919a.methylation_array.sesame.level3betas,1,256,750,196.78,64.83450418822784,2.2906666666666666,0.43604060913694515
a9c1a124-1cee-4c99-9ba4-bd00310914c1.methylation_array.sesame.level3betas,1,254,750,198.99733333333333,64.85781366103,2.2933333333333334,0.4736987055906159
aa9cd003-ea5c-44ce-ac0f-08975ada62cc.methylation_array.sesame.level3betas,1,267,750,202.108,65.55565830651081,2.2773333333333334,0.4633749321756746
aad4cdb2-c7bf-4d93-935d-6fd5a9566290.methylation_array.sesame.level3betas,1,260,750,202.948,65.8476521677121,2.3,0.4696433433159625
abc32710-b9a6-4651-ab63-5594d7f54702.methylation_array.sesame.level3betas,1,255,750,199.89866666666666,65.69734950175354,2.336,0.47058823529399124
ac715450-cf9a-48f9-a450-c2fc20b5c8fc.methylation_array.sesame.level3betas,1,258,750,200.692,65.30204541972633,2.3293333333333335,0.45212215320899274
ac812b62-e75b-4d68-8759-84717ec79000.methylation_array.sesame.level3betas,1,255,750,200.01733333333334,65.9889159851023,2.2906666666666666,0.4639481501484029
ac979beb-b2c3-4c6d-9532-6aaf4909c898.methylation_array.sesame.level3betas,1,255,750,200.228,66.21941318576198,2.316,0.43819374369312863
acce9213-4e97-40a8-bc56-9a685bd9d83d.methylation_array.sesame.level3betas,1,258,750,195.188,64.30923720068007,2.3106666666666666,0.4738856986599743
acef8290-5597-4620-b337-669082481822.methylation_array.sesame.level3betas,1,253,750,201.74666666666667,66.72824356214458,2.36,0.4589058854030441
ae9d7e08-35e8-49c8-b378-1d706847ef9b.methylation_array.sesame.level3betas,1,250,750,201.776,66.91361962012418,2.312,0.4440460947502064
aff6d45c-b661-496d-b1b4-b17cb6f21915.methylation_array.sesame.level3betas,1,262,750,204.624,66.83922967838573,2.332,0.4531088082900381
b098ce34-f770-4325-bfb7-99adb36f4ba7.methylation_array.sesame.level3betas,1,252,750,200.45333333333335,66.3904999897492,2.3213333333333335,0.473226420222758
b12d8100-4c1d-45df-943e-3e7b83e6d047.methylation_array.sesame.level3betas,1,255,750,198.09733333333332,65.15198533344083,2.316,0.46920583468382787
b168a49a-4b88-4bc7-b98e-60561536030f.methylation_array.sesame.level3betas,1,257,750,198.48133333333334,65.46024990956131,2.3186666666666667,0.4438489025011629
b1778b3d-9b03-4bae-be95-5e88bda032f8.methylation_array.sesame.level3betas,1,270,750,202.87866666666667,66.1412827077176,2.3493333333333335,0.4527235354572321
b23f31a7-0a1b-45f9-97b6-1a81cf991ffe.methylation_array.sesame.level3betas,1,252,750,200.22533333333334,65.35455014678695,2.2893333333333334,0.46721088435361435
b4c86b96-ca2e-4c74-8b4d-4d1c21d636d4.methylation_array.sesame.level3betas,1,261,750,201.27333333333334,65.90347453325626,2.2773333333333334,0.45790884718486385
b53c2c16-6cff-45da-8114-595339220066.methylation_array.sesame.level3betas,1,254,750,201.86533333333333,66.36209157510199,2.3213333333333335,0.46990553306330096
b66f7147-0316-4339-b6c5-b6da4f0b6689.methylation_array.sesame.level3betas,1,260,750,202.26533333333333,65.99703224304021,2.284,0.4546178343947838
b8535f6c-eaf1-4259-9ab4-83ee93e14236.methylation_array.sesame.level3betas,1,264,750,199.29733333333334,65.0881115070606,2.2893333333333334,0.46899754165515734
b8cc83fb-486d-4356-a183-f3ed5febe774.methylation_array.sesame.level3betas,1,256,750,201.74533333333332,65.54323111419583,2.2946666666666666,0.45289473684198606
b8d34ba0-2ecf-4fca-ad90-513f5c1e64bc.methylation_array.sesame.level3betas,1,251,750,204.91733333333335,68.81241045690007,2.344,0.4475560081465256
b9cebe21-a0e1-44a4-9364-652e85e7a3d1.methylation_array.sesame.level3betas,1,255,750,201.208,65.84073260021742,2.2986666666666666,0.47427785419519275
bacde718-806a-4ca1-853e-e76b5329d69d.methylation_array.sesame.level3betas,1,269,750,197.74933333333334,64.40938725234251,2.372,0.4731382978722146
bb4b0f11-e57d-4d80-a6ec-40de4a6214a5.methylation_array.sesame.level3betas,1,252,750,199.01466666666667,65.07071884923015,2.3706666666666667,0.4396636993075075
bd2c32a7-eb05-40f5-bfc1-9c40d19098c2.methylation_array.sesame.level3betas,1,264,750,198.376,65.00912723610432,2.352,0.46287063762779773
be6ab87d-3de1-4fdd-805d-8731ecbe0d8d.methylation_array.sesame.level3betas,1,256,750,198.30133333333333,64.56110179426068,2.296,0.45411392405051315
be8358b8-ff17-4a2a-8a1d-3a16fab9c58f.methylation_array.sesame.level3betas,1,260,750,201.104,66.45351144973455,2.3133333333333335,0.45754219409270636
bf0e1f52-34c7-4f96-b5a0-65bf285a309f.methylation_array.sesame.level3betas,1,256,750,200.25066666666666,65.12065596175218,2.3333333333333335,0.47335677576400503
bf146a6b-f84c-487b-9a01-f42d0f74dc53.methylation_array.sesame.level3betas,1,255,750,201.27866666666668,66.37285347355666,2.296,0.4433573635426253
bfc9c855-a10e-41ad-8c03-96b3e7c8a340.methylation_array.sesame.level3betas,1,254,750,204.28,67.23627195693308,2.3346666666666667,0.44794064978243847
c20fbf44-c626-44cc-9546-bc6e3d68609c.methylation_array.sesame.level3betas,1,257,750,196.56533333333334,64.44630114719972,2.36,0.472756410256284
c3b83a84-1457-4c9b-9e9c-ed984decd58a.methylation_array.sesame.level3betas,1,253,750,194.684,63.729366417688475,2.344,0.4552045572241183
c3d7da8e-f562-4ca5-83fe-41b9afaa8a70.methylation_array.sesame.level3betas,1,258,750,197.356,64.1703145075665,2.3346666666666667,0.46556766817323436
c42d0753-3bd1-4d44-b3a0-eaba68cae2ea.methylation_array.sesame.level3betas,1,250,750,201.99333333333334,66.026469103097,2.288,0.4563829787232829
c4af09fa-49b6-4a34-90f7-409969666435.methylation_array.sesame.level3betas,1,265,750,197.95866666666666,64.48007153290766,2.2653333333333334,0.42667001506769797
c5343441-106b-4888-85f7-b08b97e1cc35.methylation_array.sesame.level3betas,1,258,750,197.04266666666666,64.09893014881155,2.364,0.4589697126584367
c547eec7-18b2-4629-ac89-cc5899f16c28.methylation_array.sesame.level3betas,1,264,750,201.34266666666667,66.1084455992996,2.32,0.4692556634302942
c6657006-15b2-4af9-81b9-0cea914c30f2.methylation_array.sesame.level3betas,1,254,750,202.784,66.85900595531864,2.2986666666666666,0.4667027612343079
c6fad5e2-81d0-4396-a942-5588f7836d7e.methylation_array.sesame.level3betas,1,248,750,199.80933333333334,65.32901075496414,2.3053333333333335,0.467297297297171
c74cf997-6734-4ab1-89f9-c78135ea6a52.methylation_array.sesame.level3betas,1,253,750,201.46266666666668,65.74145779406545,2.3733333333333335,0.4679284963195405
c7ce92a6-0391-4be5-938f-66b34bc44001.methylation_array.sesame.level3betas,1,249,750,199.38266666666667,64.66676812363175,2.3373333333333335,0.4902125279640687
c8603c7f-341d-43df-a851-622a04a11661.methylation_array.sesame.level3betas,1,255,750,198.784,65.54171199066032,2.3693333333333335,0.46603724101744926
c88b6601-f03f-4a96-88d8-2d2b8e1467b6.methylation_array.sesame.level3betas,1,264,750,199.328,65.49281194146423,2.3026666666666666,0.45387647831788336
c8a4dec9-686c-43e1-9a06-62a51aa64d87.methylation_array.sesame.level3betas,1,254,750,198.52666666666667,64.70086003206518,2.304,0.4435318275152866
c8d3e492-ac29-47c5-ae80-c38b15051c7a.methylation_array.sesame.level3betas,1,254,750,205.84666666666666,67.82983971347386,2.2973333333333334,0.4311811811810733
c8dcc9d8-02c2-4274-a0c3-3b69875d51a1.methylation_array.sesame.level3betas,1,261,750,202.91866666666667,66.51840886718671,2.2973333333333334,0.4587326943555754
c985d155-2eec-4a51-8068-b3c3f3cdcb22.methylation_array.sesame.level3betas,1,254,750,199.26,65.83199120994797,2.3106666666666666,0.46686422413780526
c9eb1c59-3edc-4e8d-9f5b-8aade094f86c.methylation_array.sesame.level3betas,1,255,750,198.98,64.1033197268285,2.3,0.4713114754097073
ca3252f7-0bf2-4990-994f-e5c3c55af321.methylation_array.sesame.level3betas,1,256,750,201.33733333333333,66.19431652004239,2.3053333333333335,0.4535676810072262
ca3ccee4-3004-4ffb-a0f9-aabe6fb32c77.methylation_array.sesame.level3betas,1,256,750,192.516,61.898705511504836,2.3693333333333335,0.48235613463613397
ca688307-063d-4d6f-973d-98efc11cfd85.methylation_array.sesame.level3betas,1,254,750,197.87866666666667,65.42028185679287,2.2893333333333334,0.4294647323660757
ca84ccf3-7d17-4917-a1e4-7fc7e8bfe046.methylation_array.sesame.level3betas,1,256,750,202.74,66.41092580793213,2.2946666666666666,0.4670284938940388
cb37f6b2-2076-4f39-96f1-9c6b7c5a8e38.methylation_array.sesame.level3betas,1,254,750,198.332,64.54974652157823,2.288,0.45517241379298273
cc0aa5b5-187d-499c-89bb-3f76c4ad4181.methylation_array.sesame.level3betas,1,255,750,205.25733333333332,68.39666010039444,2.3173333333333335,0.4376731301937956
cdabc9eb-c63a-4b49-becf-b786d1082599.methylation_array.sesame.level3betas,1,260,750,199.78533333333334,65.94359649141244,2.304,0.4571428571427362
ce1b28e7-5622-4bd9-934e-c9ba9e96766f.methylation_array.sesame.level3betas,1,250,750,198.876,65.24016623727032,2.3213333333333335,0.44143002028386374
d06bb036-3577-4faa-bc21-664e9e322c6b.methylation_array.sesame.level3betas,1,253,750,200.40533333333335,66.06670143288692,2.304,0.45105716523089245
d1497e1a-0a36-4944-8ca9-1dfadce29cfe.methylation_array.sesame.level3betas,1,268,750,199.71733333333333,65.2905105373072,2.36,0.4869325997247629
d1a40d7e-8340-4fa2-9ac5-2556981566ce.methylation_array.sesame.level3betas,1,265,750,200.372,65.87103776319302,2.3,0.4579240775151426
d1adf0b9-8c6e-4533-a606-c982e74f0128.methylation_array.sesame.level3betas,1,258,750,200.82,65.9442461477876,2.3666666666666667,0.4517688979382917
d1c61f1b-6aec-43ea-b067-fba636d57bd8.methylation_array.sesame.level3betas,1,260,750,200.50666666666666,65.97316087285462,2.2706666666666666,0.4338853503183608
d290a8d9-02f8-4d1f-a696-79385c713e8f.methylation_array.sesame.level3betas,1,258,750,201.11733333333333,66.43651279897891,2.316,0.45152066545348285
d29d0636-9c13-4402-be55-a1ef725bcbaf.methylation_array.sesame.level3betas,1,262,750,201.18266666666668,65.56326181296623,2.3173333333333335,0.48588202404235786
d3bb2a96-7e44-4e89-a37b-bbc0b398a7d1.methylation_array.sesame.level3betas,1,247,750,196.05866666666665,63.429135457523685,2.308,0.45757335448045
d4732770-436a-47b2-94f0-f284c724c0aa.methylation_array.sesame.level3betas,1,259,750,201.04266666666666,65.08288699462828,2.3546666666666667,0.46461457511169046
d52b10d1-5aa1-4441-9ee1-e064a1c95be1.methylation_array.sesame.level3betas,1,258,750,200.764,66.70745313681223,2.292,0.4637172916103416
d558292f-307d-4273-b506-e7bd103f7390.methylation_array.sesame.level3betas,1,257,750,199.52933333333334,65.47841226609644,2.2893333333333334,0.46823016089433644
d56fad38-9097-4a49-bffb-b25a5da8841b.methylation_array.sesame.level3betas,1,254,750,202.176,66.48248659609537,2.344,0.5017123287669801
d5c350db-c556-425d-9799-a410325b3119.methylation_array.sesame.level3betas,1,256,750,195.13466666666667,63.42665474038147,2.3013333333333335,0.449596249023066
d63995e4-c198-43ec-90aa-13f284328513.methylation_array.sesame.level3betas,1,254,750,198.54133333333334,65.11522319362466,2.3333333333333335,0.4711900915453766
d6d80441-ccf4-4468-9c4c-ac3931023e21.methylation_array.sesame.level3betas,1,264,750,200.768,66.180537239685,2.312,0.42846553002213283
d7052115-1c34-48d5-99d3-0aae220c0f70.methylation_array.sesame.level3betas,1,258,750,198.052,63.732618252613264,2.268,0.47727272727259334
d7064e54-bde0-41f7-842b-261c3dddbd87.methylation_array.sesame.level3betas,1,250,750,196.73066666666668,64.06140382129911,2.3173333333333335,0.45449790794967193
d7250ff5-0018-4af3-8920-4059d802c266.methylation_array.sesame.level3betas,1,264,750,202.71066666666667,65.53214188133603,2.3146666666666667,0.46096654275080695
d740a6eb-46a2-47d1-844a-fc279928ce93.methylation_array.sesame.level3betas,1,263,750,200.65466666666666,66.37695944293388,2.3146666666666667,0.4748358862143121
d76097d6-1285-4d74-8e84-8593118cd6c2.methylation_array.sesame.level3betas,1,268,750,203.23466666666667,67.85734741516369,2.344,0.4345032130498185
d77ff6b8-7e26-4f72-bf18-bd5cc3e0b132.methylation_array.sesame.level3betas,1,253,750,202.524,66.87296482136858,2.3693333333333335,0.4739930648171582
d7b66492-a52a-4a9a-82f6-ae3a32ca03e7.methylation_array.sesame.level3betas,1,254,750,199.10666666666665,65.21962349545487,2.3306666666666667,0.4603634448247405
d8ef2028-31f8-4653-917c-7f6ed246245f.methylation_array.sesame.level3betas,1,259,750,204.092,66.72179705813285,2.292,0.45876701361076627
d94e747d-d92c-4c14-b4c6-39c918129d3d.methylation_array.sesame.level3betas,1,257,750,203.14533333333333,67.1700048004233,2.2986666666666666,0.4588767633749111
d98602d3-d1bc-420d-b8b0-e3ab2e28011b.methylation_array.sesame.level3betas,1,248,750,196.10933333333332,63.15537490630196,2.3293333333333335,0.46949744692274403
da2eaba7-7467-428d-87df-fd566af50f2b.methylation_array.sesame.level3betas,1,258,750,202.70933333333332,66.49199084267384,2.2973333333333334,0.4519937040922214
da32f5ad-d46b-487a-87bb-7746cd74f984.methylation_array.sesame.level3betas,1,262,750,197.74533333333332,64.37558914854466,2.296,0.4621578099837729
daac12bc-d6ad-4723-91f9-218ca830eaaf.methylation_array.sesame.level3betas,1,259,750,201.536,66.2483059204787,2.324,0.4664169119613416
dca7d0c8-aa29-4c08-bae0-909cf62d44dd.methylation_array.sesame.level3betas,1,251,750,201.38,66.32590946731652,2.264,0.4393272962482693
dd780bf7-d0e2-499e-b663-8e2a9e3451e3.methylation_array.sesame.level3betas,1,253,750,200.73333333333332,65.75214740895456,2.3066666666666666,0.463310123192163
dd95b734-705d-4333-85ff-b09b60b7c297.methylation_array.sesame.level3betas,1,255,750,200.21333333333334,64.71312969989594,2.3213333333333335,0.45291363163359705
de22380d-96d2-43ea-b75e-5a825b1fe83c.methylation_array.sesame.level3betas,1,263,750,202.076,67.06393633938686,2.316,0.459402274530426
defddc29-a251-403e-8f28-2ca93dd013aa.methylation_array.sesame.level3betas,1,268,750,204.79466666666667,67.19085630914043,2.296,0.47820049986101687
df47e3fe-5cab-4d0e-8958-f5fd2bb9d2cf.methylation_array.sesame.level3betas,1,258,750,198.85466666666667,65.74805607941745,2.268,0.45812011850243517
df7315d6-f9a5-4370-9ae9-f5c35ae14022.methylation_array.sesame.level3betas,1,254,750,198.56266666666667,65.03244887148432,2.3386666666666667,0.46562251128206383
e00c91ed-9d43-4419-9004-6196ca99dd20.methylation_array.sesame.level3betas,1,262,750,202.752,66.40351267817087,2.364,0.4687995769432922
e0839446-38fd-442e-9eae-2a8f14ca55a1.methylation_array.sesame.level3betas,1,256,750,195.352,63.9808416324762,2.3093333333333335,0.466218034993145
e0e63fe1-008f-4b4d-a1bd-141ab33d1565.methylation_array.sesame.level3betas,1,251,750,201.436,66.22197447977523,2.332,0.44481180061026326
e0e9c5a0-1e0e-4b5d-b200-218da49426c4.methylation_array.sesame.level3betas,1,252,750,199.20666666666668,65.37286865019429,2.3293333333333335,0.4536484030120868
e1b14d00-e107-48c3-b49b-b813f99622db.methylation_array.sesame.level3betas,1,254,750,200.92666666666668,65.6910645031389,2.2653333333333334,0.45391397274901046
e1e9cb6a-c57d-4f8a-a646-91ba70502003.methylation_array.sesame.level3betas,1,256,750,199.932,65.9770215756971,2.2933333333333334,0.4514435695536873
e2336b05-ab9d-4328-95ad-6e0714ffde09.methylation_array.sesame.level3betas,1,252,750,201.312,65.71464567354829,2.3093333333333335,0.46988605534441946
e234df16-8669-4cc3-b316-dc23f1bf2121.methylation_array.sesame.level3betas,1,247,750,202.45466666666667,66.48029240475874,2.2693333333333334,0.44161909704191965
e35c26c2-5fd1-4e68-9bb7-d5d586c16c76.methylation_array.sesame.level3betas,1,269,750,201.47466666666668,66.61742533468419,2.276,0.45702811244967684
e53c7374-67b1-4950-9459-55d0080ba730.methylation_array.sesame.level3betas,1,253,750,202.75066666666666,67.48592322024564,2.3,0.45889864325606305
e5551b90-d783-4604-b4d3-7ba42f9e19ce.methylation_array.sesame.level3betas,1,252,750,204.5,67.99777937550608,2.308,0.4422585590187935
e5571b0a-2232-449e-8372-eafa56aa0ea8.methylation_array.sesame.level3betas,1,252,750,196.63466666666667,63.69650852458259,2.3413333333333335,0.47229693383526833
e676253e-b12d-41bc-968f-71fce924da41.methylation_array.sesame.level3betas,1,249,750,200.17466666666667,65.86548027271611,2.32,0.47411444141676456
e68ad148-ce9e-42d9-a094-e1cf9b73ba34.methylation_array.sesame.level3betas,1,255,750,203.164,67.21082083514032,2.3066666666666666,0.4396442185513495
e6eff422-b906-48d0-94c6-6b7ddb157f58.methylation_array.sesame.level3betas,1,268,750,202.86133333333333,66.30472661549518,2.292,0.4718638484764008
e70453e2-f2cb-421d-be71-b100493af651.methylation_array.sesame.level3betas,1,259,750,195.94266666666667,63.19884529184234,2.332,0.4699086512626357
e78565c0-3d3c-4982-9283-7ea032803a67.methylation_array.sesame.level3betas,1,249,750,203.52266666666668,66.79290495920124,2.3626666666666667,0.45354491937536384
e7aa5415-73d2-4023-b622-bb1d3a6bf530.methylation_array.sesame.level3betas,1,261,750,203.344,67.15323023255596,2.3346666666666667,0.46593932943042415
e7cc4b36-ad6d-453e-92d9-1f20fece199c.methylation_array.sesame.level3betas,1,247,750,195.60266666666666,64.36934668682672,2.2893333333333334,0.4796089385473521
e80013b4-f462-423f-83d4-aae3dd79f806.methylation_array.sesame.level3betas,1,257,750,205.328,67.26401030764272,2.2853333333333334,0.43691052765729366
ea41bded-1f57-4df9-aa32-955a17d7045a.methylation_array.sesame.level3betas,1,257,750,200.64133333333334,66.83630269712877,2.3066666666666666,0.4520512150508356
ea72bfcd-3b14-4518-9e1d-8ad07dbc7332.methylation_array.sesame.level3betas,1,259,750,203.87066666666666,67.27706349781394,2.3373333333333335,0.4549701531273151
eaf54b99-9fd4-4e53-ba2e-50ec28dcdc08.methylation_array.sesame.level3betas,1,259,750,194.63866666666667,62.969549028787625,2.2653333333333334,0.46611796982154563
ebe5be32-1178-4191-89e3-28d19652e889.methylation_array.sesame.level3betas,1,248,750,201.448,67.51092229656868,2.3333333333333335,0.461011591148456
ec0f2a4a-bea2-496b-812f-8f08bb4826db.methylation_array.sesame.level3betas,1,255,750,196.9,64.71982179621119,2.34,0.4834710743800321
ec39b883-c004-4db1-a08c-17185b518818.methylation_array.sesame.level3betas,1,250,750,198.244,65.63858974719064,2.3306666666666667,0.4443314692423883
ecb3fd00-1b80-4914-a9ab-38e6a3108be0.methylation_array.sesame.level3betas,1,251,750,202.76266666666666,67.5296453879496,2.2813333333333334,0.4721302428254768
edfdabe5-7d6a-469a-98ab-697a8881b08e.methylation_array.sesame.level3betas,1,268,750,198.77333333333334,66.02433356136375,2.276,0.43646126310395383
eee1a3b3-af90-4f05-a26d-b8a1bce531f0.methylation_array.sesame.level3betas,1,268,750,204.728,67.08371398981028,2.2813333333333334,0.4456889815054843
ef365a22-638b-41bc-98dd-1cc533bb74c0.methylation_array.sesame.level3betas,1,264,750,199.932,65.55925088040588,2.3466666666666667,0.4531410916579678
f02a4142-3aaf-41e1-acbd-5a8833405b0a.methylation_array.sesame.level3betas,1,259,750,201.19866666666667,66.88267736533545,2.3173333333333335,0.45096004151519176
f0e4757f-0ac1-4ee8-bc77-43ed6f614bf5.methylation_array.sesame.level3betas,1,258,750,198.808,64.64506531308739,2.328,0.4652278177456794
f0ed4c71-d419-496a-8c53-a132f819060d.methylation_array.sesame.level3betas,1,265,750,202.86666666666667,65.82417657838359,2.3133333333333335,0.4579044602796363
f2932643-c60f-46dc-ac26-9357263984e3.methylation_array.sesame.level3betas,1,259,750,197.93333333333334,63.94863216328834,2.2813333333333334,0.47096063859056675
f2e2bccd-5646-4174-827f-5be1c4a92232.methylation_array.sesame.level3betas,1,252,750,199.99333333333334,65.49801998703641,2.32,0.472697636511689
f45f4fbf-1696-4ecc-a565-4f53b4a2e9a4.methylation_array.sesame.level3betas,1,256,750,203.78133333333332,67.45226597297446,2.3386666666666667,0.462187088273923
f4e98d67-beac-481c-89fb-4c108221d792.methylation_array.sesame.level3betas,1,260,750,198.42666666666668,65.73856774290788,2.272,0.4504361617762489
f4fc375f-ba8c-4f72-bc61-352d63f4bd93.methylation_array.sesame.level3betas,1,258,750,202.43866666666668,66.56902862109042,2.344,0.4751351351350067
f5a31d67-3f9a-4356-a0db-769714cb8e59.methylation_array.sesame.level3betas,1,258,750,200.048,65.41914370172286,2.3093333333333335,0.47517146776393
f7fac13b-d207-466e-9f35-7e392704b79c.methylation_array.sesame.level3betas,1,260,750,199.82666666666665,65.234893185234,2.3093333333333335,0.4664691624022444
f8c84891-9c42-4041-89f1-6f63b6251f2c.methylation_array.sesame.level3betas,1,257,750,203.244,67.39794604189855,2.3333333333333335,0.4565614401251092
f9424b12-5861-485d-b4fd-6f2146cfdea1.methylation_array.sesame.level3betas,1,258,750,200.164,65.91201031678521,2.3173333333333335,0.45473574044990717
f97cc48f-b507-4699-9613-c4f58bb07fb5.methylation_array.sesame.level3betas,1,255,750,200.85066666666665,65.7901438886471,2.296,0.4205128205127178
f9e10b85-70ee-4411-b126-a98e3bbd10ca.methylation_array.sesame.level3betas,1,254,750,199.19733333333335,65.91880656956371,2.3026666666666666,0.4475252656127371
f9f6c95c-0397-40d0-9275-311d44aaf325.methylation_array.sesame.level3betas,1,254,750,202.55333333333334,66.67896586547282,2.3053333333333335,0.46242310778270596
fb308234-c394-4086-8216-4aa82825ae4c.methylation_array.sesame.level3betas,1,248,750,200.74,65.64129086685199,2.3653333333333335,0.4627021387583561
fbc63a44-89c8-411c-87c9-05fd4138647a.methylation_array.sesame.level3betas,1,257,750,200.83333333333334,65.36470165327937,2.3213333333333335,0.4554015171330224
fbff6fe0-90d5-49e8-8486-c32903d810d2.methylation_array.sesame.level3betas,1,259,750,201.71733333333333,66.04665093368138,2.2946666666666666,0.45746943115352007
fd1009dc-9b57-490d-9d38-f10710c45d22.methylation_array.sesame.level3betas,1,256,750,202.73333333333332,66.38058618468371,2.2733333333333334,0.45722713864294523
fd10dedc-a5d7-4eb7-8864-c522ce24a058.methylation_array.sesame.level3betas,1,260,750,203.05066666666667,65.47327266059708,2.284,0.4419504643961708
fdf9aeee-f886-42af-a9d0-dffb5f3383ae.methylation_array.sesame.level3betas,1,257,750,199.68666666666667,64.20842485392569,2.3333333333333335,0.45739675901713084
fe6901d3-efc3-4cd8-bdc7-8bc6c19236a9.methylation_array.sesame.level3betas,1,264,750,200.90933333333334,66.19878986473663,2.272,0.457941413598372
ff47dd82-1c43-43f9-bcd9-6645dd7b37cc.methylation_array.sesame.level3betas,1,264,750,197.05866666666665,64.54835312814383,2.3546666666666667,0.4669487043890886
ff78d2c4-c3bf-4f40-85d5-e37153176f1f.methylation_array.sesame.level3betas,1,245,750,196.65466666666666,63.997891201368674,2.2826666666666666,0.46207827260446366
ff85c3cf-cfb7-4e5c-993a-99adf02b1408.methylation_array.sesame.level3betas,1,256,750,200.22,65.9193921897545,2.276,0.4488561661844731
fff4f7a4-d30f-4854-a262-9a1c467c0199.methylation_array.sesame.level3betas,1,267,750,203.38,66.92003885234975,2.3106666666666666,0.4728512960435272
000b02b0-de76-4d66-9d9e-11eb9ff30bae.methylation_array.sesame.level3betas,2,266,750,203.22666666666666,66.32953556967581,2.32,0.45054375970987814
0018bb0a-6c26-4270-8dda-e22568c38fbc.methylation_array.sesame.level3betas,2,267,750,203.27733333333333,66.58680865022909,2.3346666666666667,0.453509453509336
00c63625-ab0a-44ae-81b1-37e7d2d4c26d.methylation_array.sesame.level3betas,2,255,750,199.39066666666668,66.14836389679054,2.2933333333333334,0.4626143087680305
00f9a97f-e78f-427e-8ae6-ab853d7c1228.methylation_array.sesame.level3betas,2,275,750,198.472,64.71925949308546,2.336,0.4382191095546678
01333d61-3ce2-45f5-846e-3a82e709684e.methylation_array.sesame.level3betas,2,263,750,202.26,67.40304938700227,2.304,0.45223763412707346
019e735f-e758-46fe-812a-10500877d87e.methylation_array.sesame.level3betas,2,259,750,204.928,67.23122401582962,2.32,0.4556166535741148
01e222d3-d0fe-4089-baa9-ced4722d54bc.methylation_array.sesame.level3betas,2,270,750,195.14933333333335,63.96683801957247,2.3266666666666667,0.467202141900812
028ace31-abff-4881-95d4-7ed27a5388d2.methylation_array.sesame.level3betas,2,265,750,200.636,65.95772007379676,2.2973333333333334,0.4576361221778333
02b44300-6e7c-4ee0-b129-065e1bb68dba.methylation_array.sesame.level3betas,2,270,750,196.89466666666667,64.24240218284356,2.276,0.4474442988203283
02e20d7e-bd33-4e4b-a3b8-2bf47af73473.methylation_array.sesame.level3betas,2,258,750,199.02666666666667,64.7671260920401,2.364,0.4647444298819227
034fc05e-de48-4b06-8dc3-97420914fa07.methylation_array.sesame.level3betas,2,270,750,203.70933333333332,66.91862356291824,2.34,0.45407503234140906
04deb6e9-816a-4e6d-aea6-ef79856b2aed.methylation_array.sesame.level3betas,2,265,750,201.62133333333333,66.385384522666,2.3226666666666667,0.4544743021131087
0534ed1c-bd24-49c7-a673-d8f61c906254.methylation_array.sesame.level3betas,2,267,750,200.62933333333334,65.30930464251544,2.2866666666666666,0.45539033457236977
0536acf4-80ba-4567-89ec-e1c2592b3556.methylation_array.sesame.level3betas,2,256,750,196.55733333333333,63.704474303004986,2.32,0.45265348595201543
05d2131a-d2e0-4ae1-af83-0b007e3191c3.methylation_array.sesame.level3betas,2,269,750,201.484,66.3068956494471,2.3213333333333335,0.46801075268804626
066aadff-9127-424a-8e9b-d3d4688adecd.methylation_array.sesame.level3betas,2,263,750,200.13333333333333,65.54988600718964,2.3026666666666666,0.4522126211048829
06d5bd41-d1d8-41c2-9007-6c308120eb18.methylation_array.sesame.level3betas,2,269,750,200.02533333333332,65.68838069417012,2.324,0.45532915360489673
0700d8b9-7f89-4000-9080-3738b4f17dae.methylation_array.sesame.level3betas,2,260,750,195.62933333333334,65.13377981423226,2.292,0.4568163699174975
07428f55-92d2-4a1e-bcee-49da302046cc.methylation_array.sesame.level3betas,2,273,750,196.08533333333332,63.84097470712329,2.32,0.48252911813630545
074ba7eb-6afe-4381-b074-87646eaa7d5f.methylation_array.sesame.level3betas,2,257,750,198.53866666666667,65.87922665673064,2.2773333333333334,0.4720840243226998
076cf7f1-23a1-4c3d-8326-17c02bc1b7a4.methylation_array.sesame.level3betas,2,259,750,197.884,64.61204127198995,2.3293333333333335,0.4791552386175318
096fa6c2-acb5-4cda-96b5-8c09baf84d5f.methylation_array.sesame.level3betas,2,254,750,194.72666666666666,62.890179060185716,2.2866666666666666,0.47864917666746337
09f07b1e-00dc-4871-a8f5-bee62215b59f.methylation_array.sesame.level3betas,2,253,750,196.79066666666668,64.56940590988549,2.28,0.47407818131398
0b0f3cde-d143-4da2-bfcc-74202ead72bf.methylation_array.sesame.level3betas,2,269,750,200.49733333333333,65.45495646795759,2.3306666666666667,0.48690807799429336
0b787b4e-061b-42ba-9d9a-aa040803e934.methylation_array.sesame.level3betas,2,255,750,201.43066666666667,66.308168372297,2.3546666666666667,0.4566847685543169
0b7f7aaf-1fe6-4c2d-8990-b8eeb66032f6.methylation_array.sesame.level3betas,2,266,750,200.124,65.22076834873997,2.288,0.4580886278696054
0cfa44db-b6c1-42cf-9581-ff47f46e4407.methylation_array.sesame.level3betas,2,271,750,197.352,64.40860265523543,2.3213333333333335,0.4765945797972963
0d060a82-a622-455e-8c97-6ef7b69c98c8.methylation_array.sesame.level3betas,2,254,750,199.91066666666666,66.3069530257239,2.3506666666666667,0.4739247311826683
0e909575-a948-4388-becf-d8335deff4bf.methylation_array.sesame.level3betas,2,266,750,204.312,66.70065458949159,2.3053333333333335,0.4504950495048331
0e9d4448-d052-450c-9eae-244e5d5ff3b3.methylation_array.sesame.level3betas,2,263,750,200.06,64.1663286571184,2.304,0.47761194029837545
0f9abf25-ae56-40ae-b0da-2e36fbc6e5be.methylation_array.sesame.level3betas,2,274,750,201.42,66.01121823851862,2.2973333333333334,0.45630296610157406
0fab2186-bdcb-4e17-81ea-b230f2472070.methylation_array.sesame.level3betas,2,271,750,199.27066666666667,65.38509569890951,2.3,0.4375951293758403
107b4e91-35b9-45d0-a343-d8930f5617c2.methylation_array.sesame.level3betas,2,270,750,198.696,64.4463672418133,2.288,0.4641601298348758
11583ec5-c1ab-4150-85f1-97de6dae57f8.methylation_array.sesame.level3betas,2,262,750,202.36666666666667,66.41200861959295,2.316,0.4501166105207437
11b703b5-d892-474c-89e6-c50b8284c6f4.methylation_array.sesame.level3betas,2,264,750,199.388,64.84340204934757,2.2866666666666666,0.453583708013633
1201d3bf-d809-40e3-858d-6e202a2de25a.methylation_array.sesame.level3betas,2,261,750,202.888,65.95688078333197,2.2733333333333334,0.4610600324498483
129beb21-0ff2-4458-9a4a-ac767ff69851.methylation_array.sesame.level3betas,2,271,750,199.40266666666668,64.93821057658494,2.312,0.4581241743724021
12eed667-3033-4084-83cf-f6cd81d3cf86.methylation_array.sesame.level3betas,2,259,750,205.39333333333335,68.17566493176938,2.3426666666666667,0.44832865526908694
1302557f-a37e-41f6-a23e-a532a4e5823d.methylation_array.sesame.level3betas,2,257,750,199.63866666666667,64.44244024622972,2.2906666666666666,0.44392764857869665
13981ab2-7a8d-48b3-b1b9-09a33baa3787.methylation_array.sesame.level3betas,2,269,750,200.21866666666668,64.41498933909371,2.3146666666666667,0.45901639344250156
13b47106-e92b-4404-87cc-1ed950f49f89.methylation_array.sesame.level3betas,2,268,750,202.03466666666668,66.48259018887742,2.292,0.4433840598399682
13e6400a-952d-49b6-83d9-342040423056.methylation_array.sesame.level3betas,2,265,750,199.68266666666668,64.90563894009689,2.3053333333333335,0.4495579823191759
146f1568-724a-4831-8cbd-3ca719c3922a.methylation_array.sesame.level3betas,2,267,750,202.20533333333333,66.5103538673157,2.3093333333333335,0.46174353505719495
14814ece-d63e-48a7-9332-f3641891d471.methylation_array.sesame.level3betas,2,268,750,201.63866666666667,66.23854948760746,2.328,0.4608076009499972
16417ea9-975c-406e-b793-39b99133207a.methylation_array.sesame.level3betas,2,265,750,201.72266666666667,66.51584587817318,2.3173333333333335,0.43745280644338347
1695953e-9d73-4269-9237-ebf885616ad7.methylation_array.sesame.level3betas,2,268,750,198.18666666666667,64.4652450722265,2.3213333333333335,0.4442459811175187
17be1f2b-25ae-490c-bf0d-e212550914c0.methylation_array.sesame.level3betas,2,254,750,194.98533333333333,63.66584472767866,2.308,0.4617231261668547
17c1296d-4bf3-4c43-bc94-44facc6076e8.methylation_array.sesame.level3betas,2,273,750,201.53333333333333,66.40522737121094,2.2893333333333334,0.464305029745683
18d72595-0e95-4846-9b23-f46ebaba6f51.methylation_array.sesame.level3betas,2,260,750,198.87466666666666,65.59073327502564,2.3026666666666666,0.4529242066613027
1919f99a-fe40-49db-a974-dc5c5df80e21.methylation_array.sesame.level3betas,2,267,750,200.536,65.6130934900446,2.312,0.4626467449305062
1921b8e5-a03b-42b9-aefb-9ce80523e0dc.methylation_array.sesame.level3betas,2,270,750,200.204,65.43470830275525,2.3053333333333335,0.47630853994477235
1982c915-3b1e-439a-a49f-798302b6fe4f.methylation_array.sesame.level3betas,2,251,750,200.20933333333332,65.79380046444767,2.348,0.4746630727761524
19843621-38cf-4995-8153-eee5491db71b.methylation_array.sesame.level3betas,2,258,750,199.61066666666667,66.59778089062394,2.316,0.4830367074525909
19989feb-d0aa-4937-a20d-589239076690.methylation_array.sesame.level3betas,2,265,750,197.96133333333333,64.41993354717329,2.304,0.4501172180254102
1a0457fa-6926-4e1a-9e38-3b59cbc09469.methylation_array.sesame.level3betas,2,270,750,197.20666666666668,64.14644668430374,2.3493333333333335,0.4696162046907064
1a21d7ea-d4db-4665-8e65-4f6abebe3d69.methylation_array.sesame.level3betas,2,254,750,194.98,63.72592041966388,2.3173333333333335,0.4473616473615322
1aadba94-9397-4dd6-b8ae-92398158ebbb.methylation_array.sesame.level3betas,2,270,750,206.908,68.29985507061245,2.3226666666666667,0.42895838463422087
1bac5867-0094-4224-a749-a1e700d59411.methylation_array.sesame.level3betas,2,261,750,200.46933333333334,65.46979756260812,2.3053333333333335,0.46843673801125213
1bd0b8f2-2c26-4449-9222-a8a624cdb08a.methylation_array.sesame.level3betas,2,262,750,199.17066666666668,65.03662716415181,2.328,0.4800659884518889
1be86fbd-eafb-441b-9117-43b6525815e5.methylation_array.sesame.level3betas,2,274,750,206.34533333333334,69.12754934338568,2.3066666666666666,0.4564643799471091
1c7d7204-c624-4786-b6cb-a620d99fea36.methylation_array.sesame.level3betas,2,268,750,202.62133333333333,67.83081363379199,2.34,0.4605090527419416
1c8386fe-ba1a-4d5b-84f5-ea6fec904fbb.methylation_array.sesame.level3betas,2,265,750,201.92666666666668,68.1523486185342,2.3586666666666667,0.45093041040008897
1cd60e4f-831b-4a00-bf9e-1d5ae984e2fb.methylation_array.sesame.level3betas,2,266,750,200.448,65.07674927345404,2.356,0.45588235294105883
1d67b51b-7910-4130-bc1a-7365d34f400a.methylation_array.sesame.level3betas,2,270,750,199.27866666666668,65.72456424267024,2.3533333333333335,0.4413603400849109
1d77e688-28f9-4fa4-970f-2fc48284c6b7.methylation_array.sesame.level3betas,2,266,750,201.73733333333334,67.0198702342986,2.3373333333333335,0.4643708609270293
1dd74175-3efa-4b68-a25a-959fd79896bd.methylation_array.sesame.level3betas,2,265,750,199.276,64.75934803048385,2.292,0.4667390714090506
1e679525-3837-4a90-aa59-226485ca0fca.methylation_array.sesame.level3betas,2,268,750,201.19866666666667,65.51972119056131,2.3146666666666667,0.4683032101428464
1fafe643-c6b9-45c5-ad6c-cb6ddb6d1d34.methylation_array.sesame.level3betas,2,272,750,205.68133333333333,67.8838305604181,2.3213333333333335,0.438207903347486
206eeb5c-e681-4dd4-b1e5-c987fd3b9eb6.methylation_array.sesame.level3betas,2,264,750,200.73866666666666,64.95229817506245,2.2813333333333334,0.4410930652228819
20c27e08-0308-4ac0-a7e6-65b0ab0cbdee.methylation_array.sesame.level3betas,2,269,750,201.8,66.43143834059293,2.316,0.4782488986782824
20ccd457-3e6c-48db-897d-144ccaa381a9.methylation_array.sesame.level3betas,2,265,750,200.79466666666667,66.74978530469009,2.3066666666666666,0.46858071505946136
20fea08a-2476-48d2-9680-3492b250fbe9.methylation_array.sesame.level3betas,2,266,750,200.88133333333334,65.9110556094769,2.3173333333333335,0.4465570400821052
21697faf-f04c-4718-83c9-cbcbb3c5f215.methylation_array.sesame.level3betas,2,270,750,196.08133333333333,63.922119683947344,2.3266666666666667,0.45537578288088326
21969dfb-67a9-4646-8938-66708afcb1c6.methylation_array.sesame.level3betas,2,268,750,199.988,65.18790165871783,2.2986666666666666,0.47835738068799155
21ba6804-286f-4a59-8a86-dcc9637dade3.methylation_array.sesame.level3betas,2,264,750,201.59466666666665,65.27411716412223,2.288,0.47495156379726683
2220f783-838d-4b26-be2a-d6520f83b003.methylation_array.sesame.level3betas,2,261,750,199.01333333333332,64.7101832961569,2.3653333333333335,0.47205960617337095
241648ce-443d-440e-8dee-f1d497306c99.methylation_array.sesame.level3betas,2,266,750,199.25866666666667,65.46891189632595,2.3093333333333335,0.45328448050236764
246d11e2-13ed-4b73-a72e-a6924f84eb3f.methylation_array.sesame.level3betas,2,273,750,203.104,66.89713384991418,2.2853333333333334,0.4442716433384022
2472e8c7-fc4b-41fe-81f2-667f25b53e90.methylation_array.sesame.level3betas,2,258,750,196.54266666666666,65.06044507140179,2.3026666666666666,0.4591863865991866
2484f97e-5d08-46ed-80ff-8b1bc7a96f4c.methylation_array.sesame.level3betas,2,260,750,200.57866666666666,66.27913556735298,2.336,0.46794871794859294
2547fc96-4913-4911-96cd-27d8f2e8351f.methylation_array.sesame.level3betas,2,265,750,198.42,65.17302816349721,2.3186666666666667,0.4487741935482713
25eb1cc5-cda7-4692-81ea-4e876042531d.methylation_array.sesame.level3betas,2,263,750,203.564,67.31221214608831,2.32,0.4701432045391867
26d1f5a9-6ecf-42a9-80a0-50ea4509537f.methylation_array.sesame.level3betas,2,264,750,196.908,64.64143822657414,2.3013333333333335,0.47261774370195164
2883fe46-9a0d-4c0e-925c-60752a8bf042.methylation_array.sesame.level3betas,2,262,750,199.54266666666666,65.30427382304741,2.3173333333333335,0.4596667548266438
28f2f52a-7f1c-43e2-982c-3848277d2216.methylation_array.sesame.level3betas,2,266,750,198.58933333333334,64.71359995824336,2.312,0.4853064651551958
28f34bce-eabc-46ca-a7fe-9bf9b4ed562a.methylation_array.sesame.level3betas,2,260,750,201.74533333333332,67.36525670963896,2.312,0.447946267114325
2a5eec93-97e2-4b95-990a-593070545132.methylation_array.sesame.level3betas,2,270,750,195.04266666666666,63.75225627031215,2.2946666666666666,0.46639566395651316
2acdbf1b-280e-4309-8c4b-b286db52dbf4.methylation_array.sesame.level3betas,2,268,750,202.02533333333332,65.41203272249601,2.3213333333333335,0.44401938281039427
2b70bbaf-33dc-4859-a4e6-25a9dc2ef9ee.methylation_array.sesame.level3betas,2,260,750,200.108,65.38505692689526,2.332,0.4533437013995715
2babd0d7-e812-4351-a619-01b6e251e3a3.methylation_array.sesame.level3betas,2,261,750,199.71333333333334,65.66546902461157,2.336,0.47855777110066144
2c3bae56-a5cf-4aab-b7ff-39624def7877.methylation_array.sesame.level3betas,2,269,750,199.884,66.01152331727141,2.3266666666666667,0.4679538750333956
2c8e77bd-66cb-487d-bef9-8704edccaf53.methylation_array.sesame.level3betas,2,267,750,201.95733333333334,66.87411691296484,2.312,0.44992215879593933
2ca0649a-4add-494c-9e93-df5e4a12a798.methylation_array.sesame.level3betas,2,266,750,195.08933333333334,63.45296436118822,2.3066666666666666,0.4615795090713817
2cff169d-5035-4b73-8c61-1365d97e5c85.methylation_array.sesame.level3betas,2,273,750,200.10533333333333,65.7853750582571,2.3106666666666666,0.44908007255754107
2d08f88b-7218-4d6e-bd03-652ac1df6b3d.methylation_array.sesame.level3betas,2,262,750,196.536,64.9056600305397,2.316,0.467061037913292
2d8038f4-7578-4ccc-b429-3e95003b2f91.methylation_array.sesame.level3betas,2,266,750,198.60266666666666,65.04560036022592,2.2533333333333334,0.46314058646191747
2d96f9cd-7944-43ad-89ec-76b50031d113.methylation_array.sesame.level3betas,2,269,750,197.74533333333332,64.97333154114506,2.3346666666666667,0.4719676549863957
2e4bff1e-6cdc-4732-befb-07c47eb70aa8.methylation_array.sesame.level3betas,2,270,750,199.29733333333334,65.61081917556653,2.2533333333333334,0.4456751054851145
2ef016c2-7006-4de8-a293-9076f7a01ba8.methylation_array.sesame.level3betas,2,259,750,198.32266666666666,65.72382535698569,2.2946666666666666,0.47872044506245376
2fdaa44d-25f5-4e75-9fa6-394054008cc7.methylation_array.sesame.level3betas,2,262,750,199.94,65.59431174525221,2.3026666666666666,0.4834826427770203
304e6260-24b0-4b40-bec7-c87f8527707d.methylation_array.sesame.level3betas,2,267,750,201.04133333333334,66.37917061515273,2.28,0.45106831970444444
30c0af58-e87f-4f97-98f4-e60b5fb8d57c.methylation_array.sesame.level3betas,2,263,750,198.356,63.591550256303705,2.3306666666666667,0.46688034188021715
30e99ebf-2d99-48a1-b99a-437b30b2bcb5.methylation_array.sesame.level3betas,2,273,750,201.02133333333333,66.1224889495918,2.292,0.46775510204068904
3198cdb4-e9c8-457f-988e-d202e56ea2e5.methylation_array.sesame.level3betas,2,273,750,201.45066666666668,66.56371058033214,2.2946666666666666,0.4709906951284973
31a4d548-4866-4261-b931-5e7b1a6bf557.methylation_array.sesame.level3betas,2,255,750,196.928,65.6242852608697,2.3,0.48130580357129427
3236588d-0d5b-41cb-b4b4-e660636ba9f7.methylation_array.sesame.level3betas,2,257,750,196.17333333333335,64.15008928719863,2.3426666666666667,0.4588665447896425
328f55d0-75d1-4dbd-a371-b1af512c5d5f.methylation_array.sesame.level3betas,2,257,750,197.07333333333332,64.80795184406172,2.3,0.47028353326050426
32ecce02-73ee-4c1e-909a-09c7fe5c37cb.methylation_array.sesame.level3betas,2,271,750,197.60266666666666,64.46594547683469,2.344,0.47967257844461675
336cb9e1-d911-4c79-bfb7-39dc518e6f98.methylation_array.sesame.level3betas,2,265,750,202.83733333333333,67.55965417976094,2.3226666666666667,0.4518806744486506
33929ac4-e8b7-4053-979b-683dd70cd3da.methylation_array.sesame.level3betas,2,272,750,197.28533333333334,64.34853988156134,2.308,0.46320578003733925
33f86619-bf02-44ca-9125-bd2fd87a153d.methylation_array.sesame.level3betas,2,270,750,200.08133333333333,65.81890345148236,2.3253333333333335,0.4426395939085171
3413a885-2d26-40ed-a42c-3cd7fa7dffdc.methylation_array.sesame.level3betas,2,259,750,200.87866666666667,66.83819226227538,2.296,0.46908199400695477
3475ceb6-dc04-4135-97e5-4b71ffa7fbf0.methylation_array.sesame.level3betas,2,269,750,203.85866666666666,67.08616368687527,2.3053333333333335,0.4391668783336451
3488ee0a-d697-4f6b-b9f7-92ab7d513deb.methylation_array.sesame.level3betas,2,270,750,204.15733333333333,67.49379660054363,2.3133333333333335,0.4477419354837554
35c7fb22-e1c4-4685-987b-2b288983083b.methylation_array.sesame.level3betas,2,250,750,197.676,65.66663554652393,2.3,0.45707472178048303
360bc40f-beb3-4650-bdb3-689f1dea5a33.methylation_array.sesame.level3betas,2,261,750,199.90533333333335,67.16330623851754,2.2986666666666666,0.4583887264024306
365c9a2f-fea2-4dce-8800-7f9593e33b38.methylation_array.sesame.level3betas,2,276,750,199.572,64.53224116155685,2.3386666666666667,0.4560582423295746
367f91cc-dc44-46e0-b3b1-ef972721415e.methylation_array.sesame.level3betas,2,265,750,199.25866666666667,65.5924164180247,2.3066666666666666,0.49329911605346644
37077ce3-a584-47b3-8960-89509ba21db2.methylation_array.sesame.level3betas,2,264,750,199.26266666666666,65.0409435629247,2.312,0.47312414733957076
3849be27-ff87-4391-a922-9d2aa508cebe.methylation_array.sesame.level3betas,2,261,750,197.04933333333332,64.6664176077678,2.3026666666666666,0.46250669523287025
3878f055-d0ff-4f77-af37-f9348d2a96f3.methylation_array.sesame.level3betas,2,262,750,197.69866666666667,64.24783159678535,2.2946666666666666,0.4464332036315314
389bcfed-cb23-4695-9cfe-f29a883fdb74.methylation_array.sesame.level3betas,2,255,750,201.54266666666666,66.35713611126454,2.3226666666666667,0.446437724243863
394129d1-07e6-4e1b-9736-391c02a6ebfd.methylation_array.sesame.level3betas,2,257,750,202.42,65.27244135161484,2.288,0.4682128240107863
39f7e869-b979-45f9-9e40-f68dc725bec4.methylation_array.sesame.level3betas,2,264,750,201.88266666666667,65.9417285656224,2.3186666666666667,0.44796496651199175
3ad9eaea-e448-4df4-a083-c5d3660e3694.methylation_array.sesame.level3betas,2,266,750,198.78133333333332,65.89118442469287,2.2853333333333334,0.461372812920468
3b1fed1a-8f91-4c66-bf36-a03905546137.methylation_array.sesame.level3betas,2,271,750,199.94133333333335,65.24611271860485,2.2866666666666666,0.4420103092782366
3c65ab9d-e4e9-44b2-a015-41e8f399ed65.methylation_array.sesame.level3betas,2,264,750,203.356,67.12106423470951,2.3546666666666667,0.4629095674966021
3c8e556e-79bd-4a0c-b386-028fca79a51e.methylation_array.sesame.level3betas,2,265,750,199.46266666666668,65.28379538258751,2.324,0.4597731469268109
3d09baf8-8a36-4554-a646-1bc114636bcd.methylation_array.sesame.level3betas,2,271,750,200.764,65.18577787626174,2.3013333333333335,0.4721006564550131
3d5b27b2-d33c-49b7-b1d1-d1d06e13e893.methylation_array.sesame.level3betas,2,269,750,202.38266666666667,66.58078976868795,2.3093333333333335,0.4560294892047246
3e645745-0b44-4b5b-8812-2eedff3a8707.methylation_array.sesame.level3betas,2,266,750,194.152,62.93459750142736,2.292,0.4618484685651634
3f96d915-88aa-420b-b707-836e39c15d97.methylation_array.sesame.level3betas,2,259,750,196.58933333333334,65.78917352337608,2.3133333333333335,0.4449858938188138
40f18a16-93e3-4496-87cc-7791089f6fff.methylation_array.sesame.level3betas,2,256,750,197.64133333333334,65.0426784879658,2.3106666666666666,0.46990238611700924
41718445-f45d-4647-a1d5-006fce7dba56.methylation_array.sesame.level3betas,2,263,750,197.49466666666666,64.29019083983358,2.3013333333333335,0.44819527395470055
41df51e6-89f8-4eee-8b0c-f214870aad4e.methylation_array.sesame.level3betas,2,270,750,202.052,65.92797051328063,2.3426666666666667,0.4735849056602497
4216c3ab-916f-4880-a5a6-2d17084bb4e6.methylation_array.sesame.level3betas,2,255,750,202.35333333333332,66.76627258995036,2.3426666666666667,0.4595867120061576
427e216c-8767-451b-97aa-743a82d123dd.methylation_array.sesame.level3betas,2,257,750,201.85866666666666,66.58162928482767,2.3226666666666667,0.4535277271542688
432eec92-4594-4b0c-b513-8b7b883a15f7.methylation_array.sesame.level3betas,2,267,750,200.59333333333333,66.11209638854972,2.2853333333333334,0.44209440288871754
437b4039-1401-42cc-810d-cacc86fecd8d.methylation_array.sesame.level3betas,2,264,750,202.792,66.26471712759363,2.2906666666666666,0.4648268398267141
43e2b998-3ead-40bb-a952-bac123fa6a7f.methylation_array.sesame.level3betas,2,262,750,202.52666666666667,66.96374110085415,2.3653333333333335,0.4466263846927375
44a99f95-ac74-48dd-95a1-5ce39b2c974c.methylation_array.sesame.level3betas,2,257,750,198.99866666666668,64.9426105487675,2.272,0.4645583424208112
45cfdb7e-197a-48ee-8132-3b60adf4aeb8.methylation_array.sesame.level3betas,2,262,750,199.728,64.40720986556293,2.34,0.466755319148812
467e62a3-804d-40d7-ae9c-4ccc61281c93.methylation_array.sesame.level3betas,2,268,750,201.724,66.03158706760475,2.32,0.4563335955939008
46bc6f31-c420-4c83-a29b-b43583731245.methylation_array.sesame.level3betas,2,261,750,202.03066666666666,65.82423357869214,2.3146666666666667,0.4884637028698682
46e44ddb-acc6-46e1-b9cf-39a823721b62.methylation_array.sesame.level3betas,2,261,750,202.72266666666667,66.87620717581271,2.288,0.47052371812435684
49178262-b4d2-419c-869a-202241479968.methylation_array.sesame.level3betas,2,267,750,197.42933333333335,64.29790825697381,2.3506666666666667,0.45403038887446456
49450ecf-8214-425b-a0b6-bd9de0c8808a.methylation_array.sesame.level3betas,2,277,750,203.01066666666668,66.66647247971719,2.312,0.46463022508026136
497134fb-d3f7-4230-9285-435cfa7d802b.methylation_array.sesame.level3betas,2,259,750,199.24533333333332,64.32988790773867,2.3306666666666667,0.4523809523808353
499ef1b4-7a63-49fa-bb16-14415584b681.methylation_array.sesame.level3betas,2,262,750,198.108,65.1874451306896,2.3466666666666667,0.4507042253519973
49a1d135-92a7-47bf-94df-9379ea4764a5.methylation_array.sesame.level3betas,2,256,750,201.44533333333334,65.93719495263825,2.3426666666666667,0.45028190671439
4b6d89ba-34fe-4493-9dd3-0a1edc8b0dca.methylation_array.sesame.level3betas,2,254,750,203.96533333333332,67.41128588662947,2.276,0.4676712328765842
4b73a47e-3982-46be-afc8-589bfe1a5e89.methylation_array.sesame.level3betas,2,261,750,197.344,64.75481189842188,2.284,0.4485467399841716
4bad8b32-08ef-43cc-a49f-75cba5bd53d1.methylation_array.sesame.level3betas,2,258,750,202.76666666666668,67.26239332313084,2.312,0.43998985029169246
4bbd672d-a10d-4f26-835b-42902d8feacb.methylation_array.sesame.level3betas,2,269,750,200.67733333333334,65.82826054379854,2.3346666666666667,0.45117237825291134
4bd5cf02-a8db-42fa-b1e8-47af1f6a4160.methylation_array.sesame.level3betas,2,261,750,200.792,67.02448857942396,2.2973333333333334,0.45630296610157406
4c292a30-e9bd-4a7c-a624-8bd662d58ddb.methylation_array.sesame.level3betas,2,268,750,202.39466666666667,65.16536072348731,2.2853333333333334,0.44496365524391357
4c34bbbe-e2b6-445b-992e-69410816bc2b.methylation_array.sesame.level3betas,2,258,750,200.02666666666667,65.53168665276026,2.3146666666666667,0.44846292947547184
4cb87cc4-03c6-4919-86a7-3d1e0242788c.methylation_array.sesame.level3betas,2,269,750,202.548,67.48745831140282,2.3146666666666667,0.46182495344494234
4ce22bf2-53ba-4afd-890e-fbd6afba8750.methylation_array.sesame.level3betas,2,262,750,200.048,65.8846494210399,2.296,0.46628757108029617
4d2b9cb5-09ea-47f2-9df6-05976e488f8f.methylation_array.sesame.level3betas,2,268,750,197.68666666666667,65.37823660991647,2.3226666666666667,0.47017543859636435
4d485732-58a9-47ea-94c3-11db1c258ba9.methylation_array.sesame.level3betas,2,262,750,199.06266666666667,65.4997817265235,2.3386666666666667,0.4507838601900666
4d892f54-0af1-4000-ad8f-5e23bebb5eb0.methylation_array.sesame.level3betas,2,273,750,205.164,68.45203506105571,2.3066666666666666,0.4635584137190612
4dbbcf2d-5df6-4e70-8a4c-961b25f4f0a2.methylation_array.sesame.level3betas,2,270,750,200.60533333333333,64.94205805861783,2.3,0.47273225541231223
4e048fc4-24fc-4ca9-8c52-0ff772c292d4.methylation_array.sesame.level3betas,2,263,750,202.24266666666668,65.15280331310046,2.3173333333333335,0.46620171673807237
4e667eda-1b79-416b-81a7-f9697e9f211c.methylation_array.sesame.level3betas,2,251,750,199.672,65.04912309939313,2.3506666666666667,0.445426983324799
4fade5f6-7f3a-4727-8a4b-4f7d2ac39256.methylation_array.sesame.level3betas,2,272,750,203.12,67.51976698222035,2.3173333333333335,0.45485475006530884
5027b528-ada0-4dfa-a230-a9130a3d0ed0.methylation_array.sesame.level3betas,2,266,750,201.52133333333333,66.11958014251317,2.3106666666666666,0.4623799359657251
5041729b-2f4d-4679-9b36-5d98f0c049b0.methylation_array.sesame.level3betas,2,270,750,197.02266666666668,64.06717947765628,2.3853333333333335,0.4593068035942338
5109dbed-397b-4bc4-a13b-8c00af6f14f7.methylation_array.sesame.level3betas,2,266,750,200.04933333333332,66.04446153581355,2.3213333333333335,0.46204883227163956
51b608d3-b26d-4a29-95e1-1e05c6688733.methylation_array.sesame.level3betas,2,263,750,199.58666666666667,65.54607404125912,2.3306666666666667,0.46255623180723404
5203fa81-734f-46d7-a09f-191cc82f4c46.methylation_array.sesame.level3betas,2,276,750,201.98666666666668,65.6546303689914,2.3306666666666667,0.461092060142321
52065382-7c98-4bd5-9357-6ea0741224fa.methylation_array.sesame.level3betas,2,254,750,198.20266666666666,66.46800929436321,2.3146666666666667,0.44364937388181863
5262dad7-f7ee-45c5-89cd-a5e7a84268a6.methylation_array.sesame.level3betas,2,260,750,201.94,66.18052382184152,2.3106666666666666,0.47105191628147025
52ec8823-a7e2-4017-bf52-042b96bca044.methylation_array.sesame.level3betas,2,272,750,198.89866666666666,63.84892897735682,2.2786666666666666,0.4484387299920104
53434527-f9f2-49cd-a01d-9aad6e40bbc6.methylation_array.sesame.level3betas,2,277,750,201.88533333333334,67.67599415515734,2.264,0.43305279265482455
53cc6897-ffe9-445c-9824-c6de033a16d7.methylation_array.sesame.level3betas,2,270,750,197.964,64.7534815331706,2.3106666666666666,0.46004778338187946
5435b168-2dad-4fea-8a03-0385241c72b7.methylation_array.sesame.level3betas,2,260,750,198.55333333333334,64.26560891245714,2.3226666666666667,0.473755779167671
5443150a-6fd4-4228-ad4a-160c852a53e3.methylation_array.sesame.level3betas,2,268,750,199.62666666666667,65.33074280578444,2.32,0.4875315214344389
56981531-f6ad-436a-adeb-0816b90b7928.methylation_array.sesame.level3betas,2,260,750,198.44133333333335,66.17960328949967,2.3573333333333335,0.45067550344112906
56dff7fe-7a0e-4848-af52-f02948381692.methylation_array.sesame.level3betas,2,263,750,199.552,65.86286229229135,2.2893333333333334,0.4766796224318499
575b8189-663c-48c4-89a2-d790ece901ec.methylation_array.sesame.level3betas,2,262,750,200.364,65.7431935944703,2.3173333333333335,0.45797101449263294
580d1227-5396-4dab-8ae1-ee6a9f3d314b.methylation_array.sesame.level3betas,2,269,750,200.90533333333335,67.35789266959655,2.3106666666666666,0.4426564495528882
580e478d-985d-40b4-896c-ea9ed36dc992.methylation_array.sesame.level3betas,2,256,750,204.916,67.0501673674272,2.344,0.4317288801570649
58363515-bff4-4598-a332-5fe19f87d16a.methylation_array.sesame.level3betas,2,260,750,200.96266666666668,65.59204173949425,2.316,0.4489532178856426
58425440-477f-4503-9236-08dc2617cd68.methylation_array.sesame.level3betas,2,269,750,197.95866666666666,65.64358022601212,2.3413333333333335,0.4511819116134504
5902769a-2d85-42f1-bee6-0bde4e3edf70.methylation_array.sesame.level3betas,2,263,750,198.9,65.11980241575266,2.2906666666666666,0.4655826558264321
5989cc5a-15e2-41dd-9974-76d801c544a8.methylation_array.sesame.level3betas,2,252,750,198.36666666666667,65.3380967651254,2.364,0.46087860670640474
5ad4f920-1087-4b80-bf5a-2c1f002500ce.methylation_array.sesame.level3betas,2,259,750,199.156,65.41211659420091,2.316,0.4747198688164868
5c983ad5-a058-429c-a614-ca69e4e209ae.methylation_array.sesame.level3betas,2,260,750,198.74,64.66601683522292,2.2866666666666666,0.457821676454763
5da0a306-2bca-4e9d-96b1-c44677c00dfc.methylation_array.sesame.level3betas,2,279,750,200.34533333333334,65.54375188799888,2.3293333333333335,0.46874161524001373
5db9c9e9-28d3-40b3-9255-b11c580f0c05.methylation_array.sesame.level3betas,2,265,750,204.75333333333333,66.15615231321188,2.3253333333333335,0.4529870129868953
5dfa6a92-df63-4909-9f75-b930dd6fd70f.methylation_array.sesame.level3betas,2,260,750,199.068,65.7464780501587,2.2986666666666666,0.4667027612343079
5e98de37-ad84-4516-8c4a-4497a2fef92a.methylation_array.sesame.level3betas,2,259,750,198.30266666666665,65.37932695347122,2.316,0.4487212606560453
5f05f051-2b1d-4417-8799-541f30d704a8.methylation_array.sesame.level3betas,2,261,750,202.724,66.77915710758859,2.3266666666666667,0.45324675324663555
5f064d9e-9bf2-4272-8269-7ece32c19254.methylation_array.sesame.level3betas,2,264,750,197.91333333333333,64.26913584468225,2.3133333333333335,0.45597897503273166
5fbc1e69-6a22-48f7-87fb-6d8057158189.methylation_array.sesame.level3betas,2,268,750,207.02,68.6835710583931,2.348,0.4702269692922643
60c1a409-e884-4be8-9bbb-a9521d5e718f.methylation_array.sesame.level3betas,2,267,750,201.328,65.33537390010612,2.3466666666666667,0.47184986595161615
62800f98-3e1e-4dd1-ac48-7435f4d36c58.methylation_array.sesame.level3betas,2,260,750,202.72533333333334,67.10631782146564,2.2653333333333334,0.43698559670770654
6334d9f8-0ac9-4e13-a144-f27331429563.methylation_array.sesame.level3betas,2,260,750,195.42266666666666,64.39295007650725,2.2866666666666666,0.4655266015199605
63490272-a481-4b04-bfe2-5a02f20cb338.methylation_array.sesame.level3betas,2,277,750,200.91466666666668,66.34775593961126,2.3093333333333335,0.4688684353003604
64985600-88cd-4e13-9efa-3ad4c3217b90.methylation_array.sesame.level3betas,2,261,750,198.308,64.92153060426102,2.3333333333333335,0.4585953878405507
649b3e0f-134e-41ac-bd38-ea8ec19db94a.methylation_array.sesame.level3betas,2,257,750,197.67866666666666,64.53529844115458,2.3013333333333335,0.4527806925497238
64d0941a-e8e8-40b8-a462-3765f4f91e19.methylation_array.sesame.level3betas,2,264,750,201.27733333333333,66.00002338046724,2.328,0.4653518123666137
6538819b-e10f-4f7e-912d-47cd3f776a23.methylation_array.sesame.level3betas,2,263,750,200.98933333333332,65.99573637406856,2.3386666666666667,0.4777989648595811
6549137c-0253-4c9e-adc9-ac252be0a624.methylation_array.sesame.level3betas,2,274,750,196.53866666666667,63.94529306281182,2.3253333333333335,0.4514625938388684
655137b9-a9dc-4eba-9ebf-db2e38ee7813.methylation_array.sesame.level3betas,2,265,750,204.21466666666666,67.12893502970401,2.312,0.45464079706333127
6551fd76-2187-4111-b7ae-eba349ad990c.methylation_array.sesame.level3betas,2,262,750,204.12533333333334,67.76575554724444,2.2973333333333334,0.44236200256728053
656f70de-24c3-4034-bbab-a878730237ed.methylation_array.sesame.level3betas,2,251,750,193.64266666666666,62.57882745963064,2.3453333333333335,0.46399366921644314
65a2d8b8-3047-42e0-b953-db2c959514b0.methylation_array.sesame.level3betas,2,265,750,201.24666666666667,66.66834697882413,2.3026666666666666,0.4555526246371787
65b856e7-7735-4f95-8641-643661a57ff7.methylation_array.sesame.level3betas,2,270,750,198.35066666666665,65.86042589868028,2.336,0.449230769230654
65d08854-d66b-479b-9358-aa457b2b3c98.methylation_array.sesame.level3betas,2,266,750,201.24266666666668,66.12277302782218,2.2546666666666666,0.4228557139283764
66bc8735-8e2f-4745-a40b-e00ced127d86.methylation_array.sesame.level3betas,2,259,750,198.02533333333332,65.12310924873154,2.3026666666666666,0.46942103832550436
6728cf3c-f090-4539-9db8-76bde5a11976.methylation_array.sesame.level3betas,2,260,750,199.32133333333334,65.2507323960599,2.2986666666666666,0.4766380978710322
68c28c57-780a-413f-b7e6-489f3a1b4a10.methylation_array.sesame.level3betas,2,263,750,198.876,65.42649277879208,2.3,0.45719586535900947
68e6396b-0faf-4098-b129-5cd8391bc02e.methylation_array.sesame.level3betas,2,266,750,194.99466666666666,64.26569824996501,2.2773333333333334,0.42100073946255334
69689708-bd95-41ed-8f1d-e8e51a8e819f.methylation_array.sesame.level3betas,2,266,750,203.42133333333334,66.73420770655947,2.3453333333333335,0.45546349041935386
6977679e-8332-49ff-91b4-63545f02befa.methylation_array.sesame.level3betas,2,259,750,203.45466666666667,66.81414978547251,2.332,0.4533437013995715
69875364-f6a6-4581-94f5-74b7c12a8f28.methylation_array.sesame.level3betas,2,265,750,196.96533333333332,64.53081019860892,2.2973333333333334,0.44869791666654985
69e26b19-4589-4a1a-bea7-edc77b92e818.methylation_array.sesame.level3betas,2,266,750,201.312,66.55559071933777,2.3466666666666667,0.45151359671614893
6a165769-4bfe-4998-8ce5-2cd8c9a9e39b.methylation_array.sesame.level3betas,2,267,750,199.17466666666667,64.29525766510484,2.2733333333333334,0.45833333333321014
6af2f578-7fd1-4a85-8e5d-27678cc8ad74.methylation_array.sesame.level3betas,2,249,750,201.06133333333332,65.78781223161492,2.3106666666666666,0.44687983496636235
6c450d85-5ebd-42c0-8fd8-20e7f803fa13.methylation_array.sesame.level3betas,2,257,750,199.10133333333334,65.76830339575102,2.2826666666666666,0.45471447543148613
6d171a7a-40ba-408c-b7b0-302d32fe730c.methylation_array.sesame.level3betas,2,269,750,200.17466666666667,65.77533599221587,2.3106666666666666,0.45153725898893915
6e454651-5659-44c2-82ce-0ea6af1de725.methylation_array.sesame.level3betas,2,267,750,198.04666666666665,65.33719070245436,2.3213333333333335,0.4479032673011454
6e47222a-b3db-49dc-a647-4981588c18fa.methylation_array.sesame.level3betas,2,264,750,195.11466666666666,63.82768614184774,2.3093333333333335,0.49134751773035706
6ecf2b39-427f-456d-835b-49f5e9666941.methylation_array.sesame.level3betas,2,260,750,198.728,65.97585934264139,2.3466666666666667,0.46983449012267225
6f20edcc-1d24-442d-94d8-dce7ae80214e.methylation_array.sesame.level3betas,2,251,750,200.844,66.4439889230019,2.3346666666666667,0.4913019079684368
6fb011d9-7ee3-4e2f-b4e9-35501cbe4d8d.methylation_array.sesame.level3betas,2,267,750,198.7,64.94039831517307,2.2973333333333334,0.4730917078526982
711fa1d7-15fa-4fdb-b9fa-ffdd3e728f86.methylation_array.sesame.level3betas,2,246,750,197.66666666666666,64.35885504126237,2.284,0.44667535853964885
718a991e-cd78-44e9-beb3-aef1de664506.methylation_array.sesame.level3betas,2,252,750,201.832,66.57471824449078,2.34,0.4633051742343022
7246faee-6930-4b1c-9d3b-5c218b7ee81d.methylation_array.sesame.level3betas,2,259,750,201.87066666666666,65.48726547624015,2.3133333333333335,0.4610682965717616
72486297-d6ec-415a-afc0-880266f9b97a.methylation_array.sesame.level3betas,2,280,750,198.24666666666667,65.26703472827782,2.3013333333333335,0.45206914614969823
724f0f6a-82b4-4015-89ca-54e082346179.methylation_array.sesame.level3betas,2,262,750,200.86133333333333,65.97142390122829,2.3533333333333335,0.4519846350831109
729f609e-a43b-475f-876e-11cd56efe29b.methylation_array.sesame.level3betas,2,264,750,203.20933333333332,66.9413089670513,2.3386666666666667,0.46698615548443373
731b375f-4df7-4c92-b3bd-cd3083e2ab30.methylation_array.sesame.level3betas,2,269,750,196.71066666666667,64.60893864542962,2.316,0.45340642129980335
7321eaed-a7a5-4aa3-9ced-128d599644b3.methylation_array.sesame.level3betas,2,272,750,198.30666666666667,64.23840457407253,2.252,0.4571041948577924
73c2a429-689f-458e-85b0-81416a4c4ab1.methylation_array.sesame.level3betas,2,270,750,200.56533333333334,66.43485328918516,2.3133333333333335,0.4694264069262799
74045361-5725-4284-abe0-60297ec692bb.methylation_array.sesame.level3betas,2,257,750,195.496,62.48811607551204,2.288,0.4580886278696054
741cec71-b342-4166-a2af-6c61ed425e06.methylation_array.sesame.level3betas,2,255,750,199.28666666666666,66.13323286282692,2.316,0.46680999731242495
74b20c2c-d520-4edd-acfb-03894f2db88d.methylation_array.sesame.level3betas,2,265,750,201.33733333333333,66.89198910349596,2.2933333333333334,0.45502645502633465
74eccc1a-ffd1-405b-bd53-27f22792c43d.methylation_array.sesame.level3betas,2,263,750,202.18933333333334,66.65760386399205,2.3506666666666667,0.470258735662718
7551de4f-93c6-4799-bd6e-427510027499.methylation_array.sesame.level3betas,2,272,750,198.56,65.60569893944681,2.2906666666666666,0.46761023407717267
76dde276-52b4-4890-bfcb-a23c1f728c96.methylation_array.sesame.level3betas,2,260,750,201.46533333333332,65.96280364636489,2.336,0.44705281959672183
77743931-9c13-4b34-9818-3d1986ce32d3.methylation_array.sesame.level3betas,2,262,750,202.31333333333333,67.32362999390003,2.284,0.4402467232072885
7869ac32-60e0-4af2-bb17-1cc24149cabe.methylation_array.sesame.level3betas,2,262,750,200.96666666666667,66.420480442573,2.3053333333333335,0.45547945205467455
786f7cf8-ed9b-4872-949a-ac859f27e092.methylation_array.sesame.level3betas,2,273,750,202.38,66.89279682197977,2.3133333333333335,0.4674030172412534
7883ec63-f038-4faa-b03f-e92f0496a29d.methylation_array.sesame.level3betas,2,277,750,196.70666666666668,64.54252827055628,2.2933333333333334,0.4860129980219028
78c210b2-9e3f-460d-8e55-e265b56b3498.methylation_array.sesame.level3betas,2,262,750,199.0,66.30243836642309,2.324,0.48646385710285056
79265802-a87a-4592-9e07-a32166cb433b.methylation_array.sesame.level3betas,2,264,750,205.988,68.00479288991329,2.344,0.44721444924944104
796040e1-5e40-4b8d-9d47-13c9de2ef795.methylation_array.sesame.level3betas,2,257,750,197.508,64.79466492441077,2.3373333333333335,0.44537601626004947
7a84bb65-0224-4a14-a6f8-e75cd9f60b25.methylation_array.sesame.level3betas,2,259,750,197.504,64.23292497361977,2.3306666666666667,0.4832734310200489
7addf293-1482-497e-8ff8-8264b6eda9d0.methylation_array.sesame.level3betas,2,261,750,200.72266666666667,65.36486634950683,2.288,0.4664310954062336
7b74375d-c523-48dc-8f88-871205824202.methylation_array.sesame.level3betas,2,265,750,203.77866666666668,67.85124178344532,2.332,0.4660271782572699
7c81fb8b-c051-42ad-b8ae-1f7312397a41.methylation_array.sesame.level3betas,2,265,750,201.476,66.01174711620148,2.3213333333333335,0.4453824507545548
7ca70e3a-fd9d-4681-a537-7f8f998d5e2e.methylation_array.sesame.level3betas,2,270,750,200.70266666666666,65.2252578343356,2.2866666666666666,0.43839468302647283
7cd986f0-2e5c-4a59-8757-c1129cbe5376.methylation_array.sesame.level3betas,2,271,750,197.35866666666666,65.46064994754907,2.3133333333333335,0.4592376919003549
7ef18678-66e5-473d-b181-a749085edd0e.methylation_array.sesame.level3betas,2,269,750,201.2,66.56295265886773,2.3493333333333335,0.4621033307106053
7ef21971-983c-4411-b4aa-37f792fdcf30.methylation_array.sesame.level3betas,2,263,750,199.68133333333333,65.83780918455763,2.3333333333333335,0.4384865948382765
7f64069d-addb-4c3d-9dad-33fc82166ea7.methylation_array.sesame.level3betas,2,273,750,199.45333333333335,65.20140966437937,2.2786666666666666,0.4544004254186508
7fbd3aa5-7ff4-4232-aed8-9afbccf4f49b.methylation_array.sesame.level3betas,2,261,750,203.33733333333333,65.79189063166439,2.2866666666666666,0.42220580994573553
800f30ee-1f25-4c9e-ba01-5344a7fb5e4b.methylation_array.sesame.level3betas,2,261,750,198.74133333333333,64.59489988811467,2.28,0.47224523612248764
805ef19f-fa44-4568-9885-830c0721a222.methylation_array.sesame.level3betas,2,252,750,198.93466666666666,65.34476565282198,2.3186666666666667,0.46102863202532846
8069edfa-af45-4216-be83-97cc9ab802c9.methylation_array.sesame.level3betas,2,261,750,197.90533333333335,64.92451287114564,2.2706666666666666,0.4445314539283622
80be5a6c-34c5-426a-bed5-54f4677214c2.methylation_array.sesame.level3betas,2,264,750,199.32133333333334,65.68006860194008,2.3506666666666667,0.4587561800675361
80ccd43c-a088-4716-9261-382062ffaf97.methylation_array.sesame.level3betas,2,257,750,198.852,65.22685103544399,2.296,0.4539941998416942
81742385-8b31-4db4-93b5-683fe3a92200.methylation_array.sesame.level3betas,2,273,750,201.64133333333334,66.53879588797969,2.2813333333333334,0.4496714848881867
82a4d4e6-33af-49b5-b8f5-0aecf4189a82.methylation_array.sesame.level3betas,2,270,750,203.70133333333334,67.4231522912485,2.316,0.4659334763947248
836122be-a3c7-4c7f-aa0b-3a93f936cc8b.methylation_array.sesame.level3betas,2,255,750,191.268,60.81259882623009,2.2933333333333334,0.45769026077688724
83acac86-ebf8-44cc-bbe0-ff21d8372f3d.methylation_array.sesame.level3betas,2,263,750,197.048,63.85753176146622,2.2653333333333334,0.4442991631798001
84711c62-4d44-47a8-a812-a2cfb5ab6a3c.methylation_array.sesame.level3betas,2,259,750,201.69866666666667,66.13910490944235,2.2946666666666666,0.4316528718333505
861bf29a-37a7-426b-a0e3-e215adbd0693.methylation_array.sesame.level3betas,2,268,750,199.42133333333334,65.59299615727954,2.2853333333333334,0.4570666666665448
877626ac-c991-43ab-8502-0bb13216dcf6.methylation_array.sesame.level3betas,2,265,750,203.26933333333332,67.55972759631946,2.3133333333333335,0.46266666666654327
87e261d4-36dc-4786-90f2-8697a5e840ca.methylation_array.sesame.level3betas,2,253,750,194.05466666666666,63.85475976690296,2.3373333333333335,0.48225584594209564
8830bf0f-8ee9-4fd7-8091-1a0f7e0058fd.methylation_array.sesame.level3betas,2,259,750,199.66666666666666,65.91973570605055,2.324,0.462825278810286
88555137-79bc-4d92-a9db-6fb523392763.methylation_array.sesame.level3betas,2,257,750,202.09466666666665,66.86709483412268,2.3226666666666667,0.44575230296815616
88585781-732c-4184-b6e2-bee39fcf88c0.methylation_array.sesame.level3betas,2,258,750,200.72533333333334,65.70799462943776,2.3253333333333335,0.46076618229842514
89371eb5-6d7b-478d-9e23-bc7c8883fe57.methylation_array.sesame.level3betas,2,257,750,193.05333333333334,63.1502743901842,2.2853333333333334,0.4529598308666879
89915b89-3e8e-49da-bb90-886cfb286594.methylation_array.sesame.level3betas,2,256,750,202.33333333333334,66.00826884228638,2.3186666666666667,0.4548783677738805
8a2a8f32-f5cd-4af6-bb40-7c883608c771.methylation_array.sesame.level3betas,2,271,750,198.90133333333333,65.40960886257886,2.3133333333333335,0.4551416579222311
8a79c1f8-3043-42d0-b86d-02c9a26e0318.methylation_array.sesame.level3betas,2,254,750,201.19333333333333,65.92360191076402,2.2946666666666666,0.444473140495753
8b1f14a4-0c21-4a02-829f-16b32a9b1164.methylation_array.sesame.level3betas,2,267,750,200.86266666666666,65.11176908124128,2.3106666666666666,0.4347717009532276
8b8f18bd-e906-4f04-83b3-2aeaa307e881.methylation_array.sesame.level3betas,2,264,750,198.55733333333333,65.92619140287788,2.36,0.44427710843362345
8bea82c6-0e7f-49d3-9458-31bb9ad57f72.methylation_array.sesame.level3betas,2,266,750,201.94666666666666,66.95672101356882,2.324,0.44418960244636996
8c208aa6-7c8b-4795-81e9-857e4bcb32f0.methylation_array.sesame.level3betas,2,268,750,200.58933333333334,65.44715440380548,2.284,0.46854485776792437
8c96e75f-f93c-4d83-90f2-64c8d1405b8f.methylation_array.sesame.level3betas,2,260,750,201.75333333333333,67.08425912404654,2.3306666666666667,0.46989247311815324
8d3187bf-e32b-403f-9a56-c35727dbab63.methylation_array.sesame.level3betas,2,268,750,196.592,63.47000501024086,2.2973333333333334,0.4661796536795276
8dd40d98-8df5-4f07-966a-398015cb180f.methylation_array.sesame.level3betas,2,269,750,203.24,66.7981317104004,2.3266666666666667,0.4575249082327065
8ec73e16-1a4c-4f22-8d38-3fb72009cb4e.methylation_array.sesame.level3betas,2,262,750,205.20533333333333,67.50642812519577,2.304,0.4411539443450495
8f1674c7-ef39-4e5a-ba26-586c8de428a9.methylation_array.sesame.level3betas,2,272,750,201.976,66.01136839464345,2.3466666666666667,0.4579755399426339
8f2ee03a-6328-41df-bad4-e6df8b490e97.methylation_array.sesame.level3betas,2,253,750,202.18133333333333,66.63778046190382,2.2973333333333334,0.4763616256564898
90dda0e0-ab0c-47e1-a19e-31b14e385e5f.methylation_array.sesame.level3betas,2,265,750,202.91333333333333,67.36265401211234,2.2866666666666666,0.4496591504980468
90e0a06f-3f2d-4d8f-ab23-0b6a31a475f5.methylation_array.sesame.level3betas,2,267,750,200.73066666666668,66.27051224254186,2.312,0.4581241743724021
91d6925c-5d71-4c7d-b723-edb9fe5a702d.methylation_array.sesame.level3betas,2,268,750,198.728,64.62029105474534,2.2946666666666666,0.4631324004304459
9253c5e2-657c-472d-a5fb-3ad41e5bb217.methylation_array.sesame.level3betas,2,269,750,204.664,68.01481532725057,2.3213333333333335,0.4854991634131385
926dc5c8-c0b5-43d0-94da-fabb06a3cd05.methylation_array.sesame.level3betas,2,270,750,200.55733333333333,65.97790574292445,2.3253333333333335,0.46370646104747043
93208c07-9007-4190-b190-443e7f9d51af.methylation_array.sesame.level3betas,2,266,750,197.424,63.907925100621654,2.296,0.4688265722841087
932ee228-0f74-45db-880c-fccf5aee4b33.methylation_array.sesame.level3betas,2,258,750,201.68,67.53210791912244,2.3186666666666667,0.4440755873339009
93455552-faf2-411d-ad18-227a357d858d.methylation_array.sesame.level3betas,2,263,750,202.46533333333332,66.77299452789445,2.308,0.46645109134991475
94084d08-b883-4533-b87f-efa6151e74a4.methylation_array.sesame.level3betas,2,259,750,199.66266666666667,66.4217399618194,2.26,0.4455835962143939
9417e43f-68de-4ec6-9fc3-f2bf47f554c1.methylation_array.sesame.level3betas,2,252,750,201.69866666666667,65.94320686435833,2.2986666666666666,0.47078099399222534
942ae544-4bb0-4c71-880b-4a538e98e16d.methylation_array.sesame.level3betas,2,271,750,198.57066666666665,65.04615545561133,2.3,0.45683262711852307
94ed025b-be11-4629-bb65-deab95abe578.methylation_array.sesame.level3betas,2,274,750,200.716,66.37805368242329,2.3093333333333335,0.4618666666665435
9513bbed-66bb-412c-baf7-8f4383740800.methylation_array.sesame.level3betas,2,272,750,201.28533333333334,65.74635035413668,2.3026666666666666,0.4305659436548415
9542d8c4-87a1-4e7b-9d03-2c1784b3c252.methylation_array.sesame.level3betas,2,251,750,197.69733333333335,64.40358473114848,2.3146666666666667,0.4628099173552485
9547c1a9-1990-4f92-a722-71c379a2783e.methylation_array.sesame.level3betas,2,269,750,201.952,66.98865846295675,2.3346666666666667,0.45163786432797226
95531583-7ddb-4525-9e56-06bebbaf2fcc.methylation_array.sesame.level3betas,2,268,750,198.75466666666668,65.10533883552783,2.3213333333333335,0.45528242677812364
95a5acd8-698a-444e-beaa-5e38482212e5.methylation_array.sesame.level3betas,2,259,750,195.56266666666667,63.01090439669064,2.3,0.45514511873338914
95f47779-b2bf-443c-ba43-85430068fbb4.methylation_array.sesame.level3betas,2,267,750,197.49866666666668,64.5493454515398,2.3226666666666667,0.473498233215419
9626adf3-8332-40b1-bbc3-a358bd4e04a7.methylation_array.sesame.level3betas,2,263,750,198.684,64.18884750484308,2.352,0.4610559330892679
962d8602-ea58-4293-b2e8-81dd1fcd1009.methylation_array.sesame.level3betas,2,275,750,203.39866666666666,67.6085379092184,2.2933333333333334,0.47409040793812735
96622cf7-a789-4daa-9338-0644de5e4ea7.methylation_array.sesame.level3betas,2,254,750,200.384,66.38824602794283,2.3186666666666667,0.45547407019369945
9689a7ba-1deb-4b58-9e0f-79052e8c15ee.methylation_array.sesame.level3betas,2,266,750,200.584,65.45109327327289,2.2826666666666666,0.4654703643283128
96a6d422-c9b5-4f84-b16a-a494a5523810.methylation_array.sesame.level3betas,2,257,750,200.07733333333334,64.69169462063032,2.3186666666666667,0.4668456375837673
96d1a400-fc65-465f-af06-4c948a9cd8ef.methylation_array.sesame.level3betas,2,268,750,202.76,67.01642385763856,2.284,0.44632621156840896
97577eda-2ab4-4b4b-87a9-6bff608c8715.methylation_array.sesame.level3betas,2,264,750,196.10933333333332,63.19182473143887,2.2973333333333334,0.4588548601862959
97fb3c3b-9859-424a-b212-22be891794db.methylation_array.sesame.level3betas,2,263,750,199.55866666666665,66.03412167121547,2.3066666666666666,0.44065206316850725
98720d04-bfab-4fd1-8cde-69de6f326012.methylation_array.sesame.level3betas,2,272,750,197.03066666666666,63.69079781430141,2.3253333333333335,0.4785949506036008
98e56e35-9b4a-4fbc-b909-4e7c5c799dcf.methylation_array.sesame.level3betas,2,265,750,201.86533333333333,66.62951696924986,2.3293333333333335,0.4541200935792945
994059a0-a160-4b6a-9efc-19884607abac.methylation_array.sesame.level3betas,2,268,750,200.06266666666667,64.78080018716108,2.332,0.4546399792044568
998d73d1-5c58-43c6-bf75-2531ea5351c3.methylation_array.sesame.level3betas,2,267,750,202.58933333333334,66.2884556532198,2.3173333333333335,0.4540229885056285
999fd70d-08e6-4438-98a6-79f72cbefd8d.methylation_array.sesame.level3betas,2,260,750,201.10533333333333,66.63873426835845,2.3173333333333335,0.43899974741085146
9a4faf1d-626f-4102-9bec-d09bbbcaaa05.methylation_array.sesame.level3betas,2,259,750,196.956,64.7157842467096,2.3146666666666667,0.4753559693317428
9a51762c-342a-49ff-a414-a22ddcafce4b.methylation_array.sesame.level3betas,2,263,750,206.53866666666667,68.76371503117679,2.3346666666666667,0.46868308351165183
9bc64b92-cb5f-49e1-9ac1-4d1974e3ad62.methylation_array.sesame.level3betas,2,265,750,196.772,64.8069133349213,2.2933333333333334,0.46075542459135793
9bde076a-d695-4606-a4a2-0975f6536821.methylation_array.sesame.level3betas,2,262,750,197.288,64.76443254338501,2.308,0.4629580101630214
9c1d2b14-3e9e-42b7-a738-13597afdc220.methylation_array.sesame.level3betas,2,267,750,197.19066666666666,64.32709884816991,2.296,0.47700831024917534
9c5d8749-49a6-4e6d-b584-e9f304181b94.methylation_array.sesame.level3betas,2,246,750,203.004,65.67744400223464,2.3093333333333335,0.4729655925722357
9c702c57-599f-4380-b881-102900d55887.methylation_array.sesame.level3betas,2,263,750,202.64666666666668,66.49105570592852,2.3293333333333335,0.4413845376451639
9cbe4589-4923-4492-96cd-8b4936a49104.methylation_array.sesame.level3betas,2,262,750,201.98666666666668,67.0894911459479,2.3546666666666667,0.46534914360989055
9cedeba6-d93f-4328-8f03-2bbe09b67c63.methylation_array.sesame.level3betas,2,255,750,201.62533333333334,66.60656342700436,2.2506666666666666,0.4494142705004128
9d442860-b054-4daa-8887-85f825e2078b.methylation_array.sesame.level3betas,2,251,750,198.30266666666665,66.21166357137456,2.324,0.4740277400053103
9e53d9af-d524-441d-a1ec-f1e945210cd9.methylation_array.sesame.level3betas,2,274,750,197.176,64.2719510413887,2.3026666666666666,0.45531241761126934
9e67e06e-395e-4035-bbd5-7ef8425813a6.methylation_array.sesame.level3betas,2,254,750,197.02266666666668,64.4194444213512,2.3306666666666667,0.4553269080488525
9e8dc4b8-e6f7-4a8f-a8aa-61ad5b9bfc06.methylation_array.sesame.level3betas,2,259,750,196.76266666666666,63.669226000914726,2.3053333333333335,0.4656611904119403
9ebd2924-103e-418e-83fb-7ccbd94baf41.methylation_array.sesame.level3betas,2,268,750,201.968,66.7585223723034,2.3013333333333335,0.44819527395470055
9ef1f04d-0093-4d42-a110-e9536277ba7a.methylation_array.sesame.level3betas,2,263,750,198.02,64.67397931162115,2.32,0.49055539892853384
9fb02643-7edc-482c-a707-c128a6beffa3.methylation_array.sesame.level3betas,2,274,750,199.83733333333333,66.54336084756231,2.3173333333333335,0.4588173178457078
a07f0192-6ff7-4ce3-a53b-352a3f6952ce.methylation_array.sesame.level3betas,2,273,750,196.44933333333333,64.99570831643852,2.2853333333333334,0.4512901527118348
a09d9582-5338-4f8e-bf3d-5bb981c70da8.methylation_array.sesame.level3betas,2,269,750,204.24666666666667,66.88490977459381,2.3453333333333335,0.46509783183488496
a0c65f09-0a6d-4206-92f4-a95185edbd29.methylation_array.sesame.level3betas,2,258,750,202.95733333333334,66.1103384216283,2.3013333333333335,0.4344324188269735
a16473d0-ea0d-49a9-9d5a-1f987679c69f.methylation_array.sesame.level3betas,2,258,750,198.61733333333333,65.3992372500543,2.2866666666666666,0.42714819427137557
a1da5507-a668-4d6f-93a8-ec2e9658a32d.methylation_array.sesame.level3betas,2,271,750,198.31866666666667,64.57548387911794,2.32,0.4666130329845893
a278eaf3-02dc-4b34-b020-639155e47708.methylation_array.sesame.level3betas,2,262,750,201.54933333333332,66.59399046627422,2.324,0.4584429247763129
a4462876-ef45-4cdd-84a1-a3245fdc3a39.methylation_array.sesame.level3betas,2,256,750,196.76666666666668,64.34691566466535,2.3173333333333335,0.4682112068964256
a489196a-ed24-4c37-980a-39bafc4668cd.methylation_array.sesame.level3betas,2,261,750,197.76666666666668,66.39706988180194,2.2946666666666666,0.45289473684198606
a4a61b44-ee89-4ce6-a31a-3d1349446200.methylation_array.sesame.level3betas,2,262,750,199.13733333333334,66.05927494472084,2.2986666666666666,0.4598559615896346
a4e16391-120c-4811-b53b-5cd13c8ae0fa.methylation_array.sesame.level3betas,2,258,750,198.77333333333334,65.32768138817997,2.308,0.4430509342205162
a56e2d75-a386-4ca1-8fe8-0e8f43f2541b.methylation_array.sesame.level3betas,2,259,750,200.16533333333334,65.76841692551896,2.284,0.45863453815248767
a6e6322d-d288-4e7a-a93c-bdb46e10c002.methylation_array.sesame.level3betas,2,266,750,199.02133333333333,64.861366607729,2.364,0.4709163346612295
a719f2bd-aa07-466a-bf67-4434c8c78b03.methylation_array.sesame.level3betas,2,261,750,201.812,66.87750485776215,2.3146666666666667,0.44342273307779223
a75cd026-577a-4c80-b261-faea055dc28f.methylation_array.sesame.level3betas,2,259,750,200.93866666666668,66.11661595158125,2.268,0.45107398568007134
a7980f6e-cf6f-4aad-907a-ac616586cf92.methylation_array.sesame.level3betas,2,264,750,194.752,65.15804245064457,2.2626666666666666,0.44564075630240396
aa779765-4e43-4b65-a681-235c20649ef3.methylation_array.sesame.level3betas,2,260,750,198.032,64.85342686396764,2.328,0.46129458388362976
aab82fad-3158-4c15-9ced-8c55b0c1174a.methylation_array.sesame.level3betas,2,279,750,200.85866666666666,66.22789964626355,2.3013333333333335,0.4570974576269976
ab3a2db9-8e82-4515-8e48-e7b0adaf074e.methylation_array.sesame.level3betas,2,269,750,199.82666666666665,65.59243316792637,2.2746666666666666,0.45227995758206463
ab3d5a55-3070-4782-b526-dac4e279b8fc.methylation_array.sesame.level3betas,2,273,750,201.428,66.91345267831674,2.288,0.439774474628283
ab4931e1-7f22-4b18-be68-f888f67dc2ed.methylation_array.sesame.level3betas,2,266,750,200.548,66.09080391905266,2.2986666666666666,0.45753715498926284
ab75534f-f96d-4b9b-8b33-10926795bcc7.methylation_array.sesame.level3betas,2,263,750,198.34,66.09246351387829,2.336,0.46670218433658317
abb24177-2c98-46a6-b26d-d04de1e562cd.methylation_array.sesame.level3betas,2,261,750,199.16133333333335,64.70080348462108,2.2546666666666666,0.44782838983038986
ac47a482-cf1a-4dd9-9486-ca84a40d41e0.methylation_array.sesame.level3betas,2,265,750,198.24666666666667,65.39438677915882,2.3146666666666667,0.4599894011657499
ac7e795e-7a67-4afd-b554-cf1385a2c640.methylation_array.sesame.level3betas,2,263,750,201.38666666666666,66.24898355614388,2.336,0.4670754465474628
acc7cd3b-7ca1-424f-add6-0b158d0b1347.methylation_array.sesame.level3betas,2,267,750,201.252,66.03707415283226,2.3533333333333335,0.4768981356388876
ad9b5068-0f7a-4a49-adb1-e3fb51b7f757.methylation_array.sesame.level3betas,2,264,750,195.916,63.37913124470336,2.3653333333333335,0.4854953475641802
ae650bfb-1436-4822-8a07-f1ba07e02549.methylation_array.sesame.level3betas,2,270,750,196.82533333333333,64.63285148866292,2.2786666666666666,0.4594086021504141
aec5e273-e30f-491d-86f2-6392bd573c2f.methylation_array.sesame.level3betas,2,265,750,200.24,65.76496331634345,2.2786666666666666,0.4353031074884271
af5416d9-9ac5-4fce-83fe-8175d759f033.methylation_array.sesame.level3betas,2,267,750,199.04,65.499097194796,2.3306666666666667,0.4711590296494687
afcfc2b1-edf1-41da-b99c-ee721db28acf.methylation_array.sesame.level3betas,2,271,750,201.51733333333334,66.16187497007287,2.3053333333333335,0.4613127001066005
afd02ce7-8542-4fa0-b4a7-9479b2ebfc70.methylation_array.sesame.level3betas,2,264,750,200.26,65.60656776065437,2.3186666666666667,0.4601746493780206
b0800975-7299-479a-8299-9f1d41d443c8.methylation_array.sesame.level3betas,2,261,750,204.30533333333332,67.40276036549905,2.324,0.44306049822052795
b17ce633-3218-4637-837e-316f70364e48.methylation_array.sesame.level3betas,2,258,750,193.86266666666666,62.7820022476364,2.2893333333333334,0.4714442613947086
b1a3c3aa-332c-4fb5-a87e-8adbbe5e7996.methylation_array.sesame.level3betas,2,260,750,201.628,67.29405334797423,2.332,0.46565495207655333
b1f76586-0df9-4eca-aad2-e1140976b7e7.methylation_array.sesame.level3betas,2,268,750,196.8,64.0993395701807,2.3133333333333335,0.4786206896550404
b302dcd1-21ab-400c-8d37-783b4c354b15.methylation_array.sesame.level3betas,2,262,750,198.09466666666665,64.58377792879227,2.3346666666666667,0.4557522123892619
b30b32ed-2d37-4719-b911-abf25f1e8046.methylation_array.sesame.level3betas,2,269,750,197.176,64.83026832172351,2.3266666666666667,0.45383615084513557
b3514002-2155-4b25-ae4a-33c2e7fc2b33.methylation_array.sesame.level3betas,2,256,750,199.37066666666666,66.1580829495199,2.2933333333333334,0.45732517947342266
b35e85a0-4904-44be-b814-3f1bd731c3ca.methylation_array.sesame.level3betas,2,263,750,195.19333333333333,64.40804263099102,2.3266666666666667,0.45933140300066877
b3b8dbdb-3446-439b-92e0-430d116d73da.methylation_array.sesame.level3betas,2,256,750,198.30533333333332,64.78408321665302,2.312,0.45691699604731045
b3d00e30-7632-4533-bb74-652947a9a45a.methylation_array.sesame.level3betas,2,265,750,198.77866666666668,65.416932147232,2.2906666666666666,0.460836909871121
b3e7c8e9-9a3c-4ee5-8464-622ce2dfe4d5.methylation_array.sesame.level3betas,2,268,750,198.82,64.8239122546611,2.3133333333333335,0.47095548317033903
b5120314-669d-4846-97aa-e9911f15b345.methylation_array.sesame.level3betas,2,257,750,201.17733333333334,66.40547582508204,2.3413333333333335,0.4751082251080966
b5619f18-71e2-41cb-a3cb-0b31a55b9894.methylation_array.sesame.level3betas,2,263,750,203.04266666666666,67.8561678323267,2.3226666666666667,0.46035940803370495
b57e739e-fcdf-4f46-9fd0-eb4aa586f08f.methylation_array.sesame.level3betas,2,269,750,196.16133333333335,64.43425050562955,2.2306666666666666,0.46784116331083114
b79e193b-15ba-415f-a15b-8de11e82ec64.methylation_array.sesame.level3betas,2,266,750,206.75466666666668,69.05415129849585,2.3106666666666666,0.4422046440417346
b88f4303-17a8-4967-9d69-a1853a57de51.methylation_array.sesame.level3betas,2,267,750,199.82133333333334,64.8013174626017,2.2946666666666666,0.45565263436577824
b8e2b958-7f02-45cb-bb43-5d78dfadec1b.methylation_array.sesame.level3betas,2,272,750,198.76266666666666,65.51036309538277,2.3226666666666667,0.4651535380506101
b8f7f32e-d32d-4695-bdd9-466eb4a03a9b.methylation_array.sesame.level3betas,2,263,750,198.86133333333333,64.92388958020169,2.2973333333333334,0.4558201058199852
b939e1bc-7ffb-43bb-8e35-ab0ad2846b7d.methylation_array.sesame.level3betas,2,265,750,197.55733333333333,65.7617217400991,2.356,0.45588235294105883
b993910a-73e1-4d46-b8bc-486325faf69d.methylation_array.sesame.level3betas,2,261,750,197.77466666666666,64.76018240314714,2.3813333333333335,0.47462131278222836
ba7e1a5f-6ac0-4986-9d98-39a1ac4d1965.methylation_array.sesame.level3betas,2,265,750,201.084,65.09645876697134,2.2893333333333334,0.4501835343470241
bbd12299-a21c-4539-b84e-ae809b16a1f0.methylation_array.sesame.level3betas,2,261,750,199.78933333333333,66.12653239224194,2.336,0.47249190938498586
bc8bea15-e0ae-4010-9e16-8975fbcfe549.methylation_array.sesame.level3betas,2,265,750,200.084,65.8973111034636,2.316,0.42857142857132285
bc8cc1fd-50aa-4a23-911d-7b8795a853b0.methylation_array.sesame.level3betas,2,259,750,201.15333333333334,65.94704306402895,2.2733333333333334,0.4628121606947712
be75eb43-2d9b-4308-8849-e60c711a6264.methylation_array.sesame.level3betas,2,263,750,203.47733333333332,66.13238354156675,2.308,0.4568487727631415
bec86598-9fcd-410e-80dc-0c6790e0242e.methylation_array.sesame.level3betas,2,260,750,200.28533333333334,66.57780349502545,2.3026666666666666,0.4422535211266473
c087c018-5bd2-4e2c-94c9-738298bec59a.methylation_array.sesame.level3betas,2,272,750,201.17733333333334,66.410535456022,2.328,0.4731707317071888
c0934947-4d58-44e0-9326-75e56d65d8ea.methylation_array.sesame.level3betas,2,268,750,200.344,65.45670577310369,2.32,0.48414023372273673
c0bed04c-7101-4faa-a757-7c34583414d2.methylation_array.sesame.level3betas,2,266,750,194.84666666666666,62.675496186486,2.3333333333333335,0.48409405255864896
c139e121-e735-47d2-b26e-19d5fd6f47be.methylation_array.sesame.level3betas,2,261,750,198.336,65.29154440405485,2.3133333333333335,0.4792817679556687
c277baa4-11fc-4870-a3d5-cd22272f0668.methylation_array.sesame.level3betas,2,265,750,201.10666666666665,66.71832798331272,2.3266666666666667,0.4622516556290166
c28b85bb-5ad0-4954-9a92-83a2dd167b1e.methylation_array.sesame.level3betas,2,265,750,199.2,65.44365515464429,2.304,0.47226018037702316
c3b5271b-f601-476d-8132-45f754f4441d.methylation_array.sesame.level3betas,2,263,750,200.736,66.36008567404556,2.2893333333333334,0.43868165559518685
c41ab59e-3567-4f39-bb5a-8ae3440ffc39.methylation_array.sesame.level3betas,2,263,750,201.72133333333332,66.27905409369959,2.336,0.49871904355237723
c43d6205-13a2-434f-b38f-d128b002ec11.methylation_array.sesame.level3betas,2,256,750,202.268,66.73447017346683,2.3133333333333335,0.44158819037911895
c4535fa0-bdae-4969-a687-9c86599ba634.methylation_array.sesame.level3betas,2,260,750,198.38666666666666,65.11001834502036,2.2666666666666666,0.4538174052321266
c47dfc4c-cf7e-46d1-8475-5da6107992db.methylation_array.sesame.level3betas,2,261,750,204.316,68.08737629448403,2.256,0.4380015531968838
c481acd4-4f35-42a3-8b6c-1b886c30afe8.methylation_array.sesame.level3betas,2,266,750,201.65866666666668,66.61185698924446,2.308,0.45290423861840584
c593216b-7b81-4b33-aa37-709f87ef55cb.methylation_array.sesame.level3betas,2,258,750,200.328,65.66721467114824,2.3373333333333335,0.4499486652976258
c5cbbdf4-ff31-4c1b-b1e9-234911ee7e32.methylation_array.sesame.level3betas,2,275,750,200.15066666666667,64.7916247125266,2.3266666666666667,0.46115221987302824
c62fbf19-cafc-4697-8d8d-a598dd6bde1c.methylation_array.sesame.level3betas,2,265,750,199.12,65.3303319038459,2.3173333333333335,0.4638377368560278
c6718c81-c668-482d-b8b4-2a7147833de1.methylation_array.sesame.level3betas,2,268,750,201.18266666666668,66.11868091713734,2.3053333333333335,0.4746088388689337
c6b888bd-159c-40fc-852b-94213bedb9a3.methylation_array.sesame.level3betas,2,252,750,201.30133333333333,66.6660123167887,2.328,0.43671835917948054
c6dd6955-115d-40aa-874d-8f32bf8cfce7.methylation_array.sesame.level3betas,2,264,750,201.27333333333334,67.29823144448564,2.344,0.45332645693644835
c8ce5177-c7c0-47ce-b4cb-835b7b755221.methylation_array.sesame.level3betas,2,275,750,198.892,64.06986032969533,2.2866666666666666,0.4655266015199605
c938e0d6-888f-46b2-8aae-30144bbab19e.methylation_array.sesame.level3betas,2,262,750,204.21333333333334,67.76626364858025,2.328,0.42804608972776953
c9f09527-c583-40a4-bed0-8923ba3cc4f2.methylation_array.sesame.level3betas,2,260,750,196.53466666666668,65.47944816166027,2.2906666666666666,0.4596040663455164
ca83c19b-c2f3-4e63-b20f-e6d3cb80efd0.methylation_array.sesame.level3betas,2,261,750,199.72133333333332,65.79869055096934,2.304,0.4527115535759883
cac7d10c-172d-425b-8c28-d19c63936dd5.methylation_array.sesame.level3betas,2,262,750,201.41333333333333,67.17453750409368,2.2773333333333334,0.466284466284339
cb1b0af3-06f9-4eb9-ad13-8e2aee13a7ca.methylation_array.sesame.level3betas,2,262,750,199.90266666666668,65.5539461783618,2.3506666666666667,0.4700079978671101
cb27262e-46c2-4477-b87d-5a73ba002ac3.methylation_array.sesame.level3betas,2,271,750,198.67066666666668,64.83373252319265,2.3333333333333335,0.4447268106733304
cb6fd761-e48e-4f04-a716-ad3f3efdd389.methylation_array.sesame.level3betas,2,268,750,199.88,66.28875419958753,2.2533333333333334,0.45836723623529746
cbabcefd-1ea3-4aad-a7db-7ee31d11ec99.methylation_array.sesame.level3betas,2,267,750,200.86266666666666,66.42584692388616,2.3093333333333335,0.4515119916578594
cbaf6a25-5296-4641-8134-4057536d718b.methylation_array.sesame.level3betas,2,258,750,203.86133333333333,66.65028710782539,2.312,0.46463022508026136
cc54bce0-ea00-4834-a2fc-f7ce29254779.methylation_array.sesame.level3betas,2,264,750,200.96133333333333,65.7451227967182,2.3533333333333335,0.4608355091382609
cc5ed6ef-a53e-4215-90df-409d6527038a.methylation_array.sesame.level3betas,2,265,750,201.50133333333332,67.21463628969181,2.2773333333333334,0.4513742071880414
cdb96d5a-4704-4a21-8dee-39224f66c959.methylation_array.sesame.level3betas,2,258,750,201.036,64.92138864811812,2.2946666666666666,0.44298584298572896
ce29ae5f-0f3a-4b60-8d70-4957c05e8fc6.methylation_array.sesame.level3betas,2,261,750,197.76533333333333,63.29603145713183,2.3186666666666667,0.4691124898838767
ce3f4788-2ca8-45f5-8016-ada96a22e43a.methylation_array.sesame.level3betas,2,268,750,200.62266666666667,66.17236295883318,2.2893333333333334,0.4667029083988946
ce91fdea-5761-49b0-a229-76d4a6a14f73.methylation_array.sesame.level3betas,2,269,750,201.408,66.01376777612379,2.2813333333333334,0.42403965303583047
cef8b892-5bea-42c3-be7b-6369a501945e.methylation_array.sesame.level3betas,2,262,750,197.29866666666666,64.07840092331338,2.2973333333333334,0.4489317352786741
d0c52863-dbf5-4bfa-a6e7-efeff979a5cf.methylation_array.sesame.level3betas,2,264,750,201.904,66.27412856713646,2.3013333333333335,0.43807106598973655
d0d178b5-f1e9-4b4c-a100-e80a6d945dbd.methylation_array.sesame.level3betas,2,253,750,204.98933333333332,67.85578741877676,2.3146666666666667,0.46096654275080695
d0d74eb2-3ffb-4fb0-b2b8-2103cff995d2.methylation_array.sesame.level3betas,2,277,750,201.672,65.78667861099743,2.2826666666666666,0.45279026712497944
d179d610-6b46-46cc-ad39-a7b05e634d9d.methylation_array.sesame.level3betas,2,256,750,200.49333333333334,65.46320561115907,2.3253333333333335,0.4621091679913985
d21c20ab-b09d-4d0b-9b7c-7eb992c4e660.methylation_array.sesame.level3betas,2,274,750,197.60133333333334,65.61751594065584,2.3386666666666667,0.44037157921153897
d28d554b-5d1b-441c-9e5f-bf23938bb1fc.methylation_array.sesame.level3betas,2,266,750,198.53333333333333,65.25025329878464,2.292,0.4629679504442599
d2e4ff2a-68f1-46df-823d-73d344728e50.methylation_array.sesame.level3betas,2,263,750,198.99066666666667,64.8374062268242,2.3293333333333335,0.4635181745819943
d2ea0bb3-5d0c-49f7-a860-0ccf306b7c14.methylation_array.sesame.level3betas,2,263,750,200.408,66.15207884866506,2.3053333333333335,0.4635388739945138
d3540ab1-4992-4a79-8463-5c6df26e36e3.methylation_array.sesame.level3betas,2,270,750,196.82666666666665,63.77045780680024,2.3426666666666667,0.4732022623214454
d44b1eaf-6b94-4351-b8b2-47a67f86ee20.methylation_array.sesame.level3betas,2,263,750,197.17333333333335,65.94643752487485,2.284,0.46473141616916314
d491f3c9-2a24-4e05-8dfd-abdc784ae6a6.methylation_array.sesame.level3betas,2,272,750,200.0,64.63522259573337,2.2986666666666666,0.4317555722513319
d4b88c4b-f802-4aa8-bb96-d046454caa3b.methylation_array.sesame.level3betas,2,270,750,200.604,65.99072043855864,2.308,0.45648734177203154
d5d76246-b099-45b9-9fc3-5ddc0b72e3bf.methylation_array.sesame.level3betas,2,257,750,198.956,65.04402148289009,2.3146666666666667,0.46591519055274666
d5f5e383-62dd-4943-90d9-6c0fac51ceab.methylation_array.sesame.level3betas,2,271,750,200.228,65.15732767182317,2.3306666666666667,0.4542619542618362
d604a522-3b50-44d8-966c-317741702557.methylation_array.sesame.level3betas,2,256,750,196.83866666666665,63.548380295820465,2.3186666666666667,0.4674731182794442
d676876b-b3c8-4252-8423-e76116526c7e.methylation_array.sesame.level3betas,2,270,750,200.08266666666665,65.17722377913587,2.3546666666666667,0.4447242508183217
d76bf7b3-7a3b-480a-b7fc-db6b1dc6d4e5.methylation_array.sesame.level3betas,2,274,750,202.864,65.55278919059559,2.3173333333333335,0.4654525977502771
d79091ad-8bbe-4c9a-a454-eff4e51b6a04.methylation_array.sesame.level3betas,2,271,750,202.50266666666667,66.2820387401863,2.3826666666666667,0.47551889302808
d904ad99-eec5-4170-ae22-fd340a82171a.methylation_array.sesame.level3betas,2,260,750,201.06533333333334,66.57278521705064,2.3493333333333335,0.44823200203499153
daedf0fe-b9a9-4f25-89aa-de54e6ce3685.methylation_array.sesame.level3betas,2,267,750,198.852,65.69658105766743,2.308,0.4292090255391943
dcab8a1c-dc5e-4eaa-a9d2-4276749ebe3f.methylation_array.sesame.level3betas,2,256,750,200.35066666666665,66.50704999889527,2.3413333333333335,0.4543337645535694
dd37bb2e-1228-4bd7-a966-30a8c1cf7c2f.methylation_array.sesame.level3betas,2,264,750,200.22266666666667,65.66644820268228,2.2866666666666666,0.4527455121434919
dde973ef-b428-49a6-a187-979a50ee4603.methylation_array.sesame.level3betas,2,260,750,199.54,65.2335935951204,2.312,0.45499868800827736
df57cd54-7a8e-44ae-8b5f-036ca9bd32db.methylation_array.sesame.level3betas,2,277,750,199.87866666666667,66.24767627287432,2.3106666666666666,0.4587083112756859
df70262c-254b-49a1-a6a2-8cecebfc3b3b.methylation_array.sesame.level3betas,2,264,750,199.47333333333333,65.31871571167197,2.2973333333333334,0.4235496558504367
df96c79c-9c4d-4816-87d6-94b512c30548.methylation_array.sesame.level3betas,2,273,750,199.54266666666666,65.01511757190698,2.3133333333333335,0.4620505992009422
dfec6f87-4254-4979-b357-a7ea5e1875f8.methylation_array.sesame.level3betas,2,260,750,197.616,64.39759217030814,2.308,0.45660775520958674
e0400a65-b975-4052-8d21-bf362910554b.methylation_array.sesame.level3betas,2,270,750,198.11466666666666,63.983624349429356,2.34,0.45466321243511537
e09ef8a1-c203-4912-acba-681d7f94287c.methylation_array.sesame.level3betas,2,261,750,199.29466666666667,65.40829589245966,2.2946666666666666,0.45661979304843286
e0c5488b-b988-4150-9d8a-08bc693d40c4.methylation_array.sesame.level3betas,2,265,750,196.864,64.58249636963048,2.34,0.45454545454533685
e1611cd5-77f5-409d-b8ed-66d5bdad39c3.methylation_array.sesame.level3betas,2,269,750,204.57333333333332,67.30261477502606,2.3293333333333335,0.44806360605271917
e23d2c5b-8932-43eb-b27e-38b3f919a02b.methylation_array.sesame.level3betas,2,267,750,200.61866666666666,64.89576194345993,2.3506666666666667,0.47456258411831104
e2c88b93-a6db-4b49-9c72-2bfe8878c444.methylation_array.sesame.level3betas,2,261,750,198.384,64.6922706150691,2.296,0.47490347490334395
e2f0b2ca-8ebf-4445-89d6-28d1d9b49857.methylation_array.sesame.level3betas,2,256,750,199.17866666666666,65.59567118508829,2.3373333333333335,0.4683409030188436
e3416c46-fab8-4d77-8efe-998ec92422f8.methylation_array.sesame.level3betas,2,267,750,198.03066666666666,63.928317092054144,2.3106666666666666,0.47675378266836954
e36b08ca-4ff6-4a58-8bef-895d5cd5de2a.methylation_array.sesame.level3betas,2,266,750,198.90133333333333,64.8425857870856,2.3213333333333335,0.49028442692185575
e3976274-ad65-4d85-bf5c-9c10f2502748.methylation_array.sesame.level3betas,2,261,750,202.61466666666666,66.7689911926853,2.316,0.43501126972190457
e3f45108-a8dd-46f6-98e2-96b4ec32e068.methylation_array.sesame.level3betas,2,266,750,196.48933333333332,64.27114868188438,2.272,0.4449086161878734
e474ace8-7f0e-40b4-a16e-a5d83db04ede.methylation_array.sesame.level3betas,2,272,750,201.65066666666667,67.37560859011879,2.3093333333333335,0.4859708193040163
e580e005-1c19-4d84-9dff-d846ddbcf9c0.methylation_array.sesame.level3betas,2,266,750,199.264,65.59007778620177,2.2893333333333334,0.45592140201793524
e5c824cc-ac0b-4e73-af23-a950c37fce72.methylation_array.sesame.level3betas,2,270,750,200.85066666666665,65.70653214271944,2.36,0.46189979123161223
e696038d-8f02-4666-9d27-708ff350679c.methylation_array.sesame.level3betas,2,259,750,204.46666666666667,66.18508056117247,2.296,0.443015178801018
e6a58507-ad1b-4abc-922e-d99fb3d1c9d1.methylation_array.sesame.level3betas,2,272,750,203.39066666666668,67.25563703429542,2.332,0.4672722415173745
e6b06a0d-f366-4e52-b1dc-609e5501e3dc.methylation_array.sesame.level3betas,2,254,750,201.36933333333334,66.329125776104,2.2786666666666666,0.4524755096636345
e6ffcbe1-5c78-46ad-b780-26ef0dd08ce0.methylation_array.sesame.level3betas,2,275,750,198.99866666666668,65.53357407890672,2.3146666666666667,0.4459285897764074
e728221a-ea64-4a99-b593-5804ff8059dc.methylation_array.sesame.level3betas,2,257,750,201.236,66.5462969468124,2.352,0.46190102120961984
e77b2e3d-10a9-4c62-8e20-dd14155db537.methylation_array.sesame.level3betas,2,263,750,201.44533333333334,65.91173146632462,2.316,0.45483110761967666
e77e6422-aa1f-45ba-aebf-4f65356f9293.methylation_array.sesame.level3betas,2,261,750,198.8,65.50818778341122,2.2893333333333334,0.46619603584022096
e79f2c0f-6f11-45c4-9357-851eddb4c4bd.methylation_array.sesame.level3betas,2,266,750,201.72,65.4916299995656,2.2946666666666666,0.4481770833332166
e7b27151-1a74-4e12-9b4a-a10bc9a423f9.methylation_array.sesame.level3betas,2,266,750,204.368,66.98237013821871,2.3013333333333335,0.45794640488181004
e8567faf-bf48-46ad-844d-f853947849c3.methylation_array.sesame.level3betas,2,273,750,200.52133333333333,64.20204730553553,2.308,0.43274999999989183
e85c3c34-e9d3-49ae-968f-8014c0954999.methylation_array.sesame.level3betas,2,266,750,202.60266666666666,66.19127429570221,2.332,0.4603843116608422
e98fada2-f786-420a-a47b-949c92f555ff.methylation_array.sesame.level3betas,2,260,750,199.71333333333334,65.84482127615573,2.3293333333333335,0.4656183368868695
e99069ae-886c-466c-9f33-81c44d4d7fe6.methylation_array.sesame.level3betas,2,266,750,202.924,65.84566468138456,2.308,0.46357793251192725
ea3109bc-986b-4934-b500-5bfc0cbedd59.methylation_array.sesame.level3betas,2,261,750,200.51866666666666,66.18744330728869,2.3133333333333335,0.4684125269977137
ea780828-be63-4e9d-bf10-2d15f00b67be.methylation_array.sesame.level3betas,2,268,750,202.38666666666666,66.08164512345483,2.32,0.4460394770570505
eb2b743b-8955-4844-93ec-174023405fd9.methylation_array.sesame.level3betas,2,266,750,193.74533333333332,62.84567721720317,2.3013333333333335,0.4597762386786202
eb72c678-9e62-44a9-a65a-6580d2e252af.methylation_array.sesame.level3betas,2,261,750,202.192,66.96269958715823,2.3573333333333335,0.47197010144141166
ebb23ef5-34a4-4e12-b287-4c6c527a056a.methylation_array.sesame.level3betas,2,261,750,198.61866666666666,65.02265183423047,2.3426666666666667,0.4542399172697895
ebc5bac6-b35f-49d1-bd1d-ba93b4719591.methylation_array.sesame.level3betas,2,263,750,199.10133333333334,65.85863951086617,2.2946666666666666,0.45783453046010697
ec20df28-e674-455c-b4d8-ecfdaef386a2.methylation_array.sesame.level3betas,2,277,750,197.81733333333332,65.48170202091234,2.284,0.45126448893560295
ec9373ba-1d2a-43af-996c-720f7018c090.methylation_array.sesame.level3betas,2,272,750,202.78266666666667,67.09121725597836,2.2773333333333334,0.47776223776210414
ecffe039-e3ed-4edc-9894-b2fd92f0e7f7.methylation_array.sesame.level3betas,2,261,750,197.24,65.6212851646984,2.3053333333333335,0.478020458943744
ee29b234-64c0-4eea-b647-118d3af0caa9.methylation_array.sesame.level3betas,2,258,750,199.548,65.4283299700265,2.3066666666666666,0.4698533405756464
eef01af5-6fc7-4939-a089-67956d2aff66.methylation_array.sesame.level3betas,2,262,750,202.00666666666666,65.93381496285161,2.3013333333333335,0.45649299127202947
ef819db9-f279-47f0-a0ac-e62367f4b6cf.methylation_array.sesame.level3betas,2,269,750,201.424,67.33515345394756,2.3173333333333335,0.4617428267798986
efcfd54c-9338-4145-b1d5-c489645e7c09.methylation_array.sesame.level3betas,2,260,750,198.94533333333334,65.45215818867668,2.28,0.44346473029034145
f0df2e49-c32c-4913-88b1-326b6997441a.methylation_array.sesame.level3betas,2,272,750,204.46266666666668,68.13350086085079,2.304,0.4680390032501441
f11b3e24-e32a-4b96-9b22-8dc42fde0357.methylation_array.sesame.level3betas,2,265,750,196.72666666666666,64.16107819820016,2.2826666666666666,0.47162534435248715
f1247cd8-eaf5-496d-8a00-ca9aeb57c150.methylation_array.sesame.level3betas,2,257,750,201.31066666666666,66.20034858585632,2.3026666666666666,0.4580901856762711
f219a252-79ea-42a2-b461-ee702394d6aa.methylation_array.sesame.level3betas,2,265,750,202.36266666666666,66.3705492385156,2.344,0.4600889819417796
f28a72c4-2d16-40a7-86c2-3dc8702397ef.methylation_array.sesame.level3betas,2,261,750,197.136,64.92888548763692,2.3253333333333335,0.4485596707817776
f35792f0-2500-4f79-9fd2-33c5976e580c.methylation_array.sesame.level3betas,2,270,750,203.088,66.00020395928081,2.3226666666666667,0.4381287726357047
f53f1f32-fc90-47b5-afaf-a743fae079ba.methylation_array.sesame.level3betas,2,262,750,199.91333333333333,67.43351655931608,2.3426666666666667,0.44707379134848674
f572354a-f9ae-4393-bc0a-8026dc6e091f.methylation_array.sesame.level3betas,2,264,750,199.328,66.63798028151814,2.3173333333333335,0.44793814432978146
f57911ab-8aa4-4bb6-a188-c22951daddd9.methylation_array.sesame.level3betas,2,264,750,199.02133333333333,65.62649524561115,2.28,0.4683648315528709
f585e1b1-8a68-412b-82ef-58908ab26fbf.methylation_array.sesame.level3betas,2,261,750,204.624,68.28501024383024,2.2626666666666666,0.4489417989416802
f66b45c5-9936-4f52-b49a-a8dc0aacf70a.methylation_array.sesame.level3betas,2,264,750,201.448,65.57956462191557,2.3546666666666667,0.4523565573769333
f6972968-ab82-4f41-a5d5-7bf0e7d22ec3.methylation_array.sesame.level3betas,2,268,750,197.592,63.602213294821745,2.3226666666666667,0.4584210526314583
f6d51c8d-168c-4d21-97a5-92722a2a1a16.methylation_array.sesame.level3betas,2,265,750,196.608,62.99981748121709,2.316,0.45928080380738784
f7370ad6-3a95-4da3-ae6b-aacb7dd50e4c.methylation_array.sesame.level3betas,2,258,750,202.836,66.10683099347601,2.352,0.4554608830362883
f7bb5f99-e47d-45bc-b263-c683231e92a5.methylation_array.sesame.level3betas,2,276,750,195.95866666666666,63.565480345511084,2.304,0.4569011105234117
f8643ba8-906c-4ea2-808d-647db1215096.methylation_array.sesame.level3betas,2,258,750,199.81866666666667,65.20547358074235,2.28,0.4663212435231889
f8d6bcd5-a259-4407-99e1-e4dbe36e68ef.methylation_array.sesame.level3betas,2,267,750,200.46666666666667,65.99978451143274,2.336,0.45189579571822236
f8e5c6e1-df06-43e9-91ab-4fa53f34c584.methylation_array.sesame.level3betas,2,270,750,200.06933333333333,65.54125819834573,2.272,0.4630434782607437
f91343bd-eac8-498f-9637-119ebb8941d9.methylation_array.sesame.level3betas,2,279,750,202.98133333333334,67.31212608603462,2.2933333333333334,0.46663049376004706
f97c8391-db46-436c-b59e-3be7bdd48ef3.methylation_array.sesame.level3betas,2,273,750,200.432,65.4642704788905,2.3053333333333335,0.4721463681047318
f9d5cac7-ad40-459e-9937-7e165200abb8.methylation_array.sesame.level3betas,2,268,750,202.88266666666667,67.41463416466453,2.3133333333333335,0.46866558616951143
fa4a7ae6-ed38-489c-97be-2047fd8e8994.methylation_array.sesame.level3betas,2,258,750,196.71466666666666,64.39185185168142,2.3386666666666667,0.47482403898200465
fa787d21-0c93-4823-aa4c-45a94a020b0b.methylation_array.sesame.level3betas,2,264,750,196.672,63.510642803654044,2.3106666666666666,0.4488474488473326
fad66b6b-7210-40d8-a599-d378d1561e64.methylation_array.sesame.level3betas,2,273,750,199.996,65.97016485250485,2.316,0.4545930384714853
fb033fd0-e197-450d-b5f0-40ff8fffe4eb.methylation_array.sesame.level3betas,2,262,750,200.07866666666666,66.23828056007761,2.272,0.4428274428273277
fc0a6d97-6e8d-401a-83e7-6d1b03c1894e.methylation_array.sesame.level3betas,2,263,750,197.73733333333334,64.93534481484042,2.316,0.4807639081094711
fca2293c-6705-4760-bce3-d9ab015c8215.methylation_array.sesame.level3betas,2,265,750,203.64533333333333,67.19555202210601,2.272,0.48230965185381197
fcb39918-fe5c-4e37-81e9-4d69b3fa8f38.methylation_array.sesame.level3betas,2,261,750,199.12666666666667,65.3351254856239,2.3386666666666667,0.4872222222220869
fcd4fe75-5e03-4f76-91a1-c9c78c02cdc4.methylation_array.sesame.level3betas,2,257,750,200.356,65.03986416549981,2.292,0.48191757779633254
fd246467-a054-45f8-b8bc-c7b7c6811a9a.methylation_array.sesame.level3betas,2,256,750,199.95333333333335,65.38490515571787,2.308,0.4539732494097944
fdba9785-fed7-4baa-a0c5-5eb2fcf54cc8.methylation_array.sesame.level3betas,2,267,750,198.29733333333334,64.67968969897395,2.252,0.44872476089254815
fde169b3-a7c9-444d-92f8-918be0ffbd20.methylation_array.sesame.level3betas,2,252,750,202.392,65.95494171023124,2.3186666666666667,0.459202534987996
fe967b66-e9eb-42e8-8ecc-8b0be7c60e2c.methylation_array.sesame.level3betas,2,258,750,196.344,64.59549259816818,2.3453333333333335,0.485509246480683
fefcaee1-26d3-472f-9b3d-be67e93c539a.methylation_array.sesame.level3betas,2,268,750,200.69866666666667,66.74131053220003,2.2986666666666666,0.4598559615896346
ff93a0f6-ffcb-46c2-99a9-e6cb7e44c635.methylation_array.sesame.level3betas,2,277,750,197.90666666666667,65.77857266786975,2.2866666666666666,0.45563230605726474
ffb73759-5463-40a6-837b-eac7dd76a991.methylation_array.sesame.level3betas,2,271,750,202.44533333333334,67.69850080729672,2.292,0.4480062548865134
ffb9aa0c-4f7b-42c6-9a0d-a46607d4d515.methylation_array.sesame.level3betas,2,261,750,204.348,68.08005260475836,2.3093333333333335,0.4628540887224845
ffdefd8e-53a8-4e7a-aed8-842b5699e62b.methylation_array.sesame.level3betas,2,271,750,202.71333333333334,67.32162967592379,2.3053333333333335,0.4434470377018611
DMG_synthetic_0000,3,263,750,199.35866666666666,66.19104187795271,2.3333333333333335,0.4562043795619249
DMG_synthetic_0001,3,259,750,203.02133333333333,67.52703812712521,2.3133333333333335,0.44555726759105146
DMG_synthetic_0002,3,256,750,203.46533333333332,66.58022327655229,2.2666666666666666,0.4268139593270332
DMG_synthetic_0003,3,265,750,203.852,66.55666830603828,2.3106666666666666,0.44085474433975047
DMG_synthetic_0004,3,263,750,202.268,66.66946459462034,2.3106666666666666,0.4636169074370081
DMG_synthetic_0005,3,258,750,198.256,64.1315611120349,2.3053333333333335,0.44573343645257907
DMG_synthetic_0006,3,266,750,199.09733333333332,65.7442306180212,2.34,0.4695024077045293
DMG_synthetic_0007,3,261,750,198.35066666666665,65.08837863158745,2.3093333333333335,0.4528104575162215
DMG_synthetic_0008,3,264,750,200.172,66.25653992374387,2.3213333333333335,0.45397653194251525
DMG_synthetic_0009,3,267,750,200.29066666666668,65.51723065643792,2.3053333333333335,0.45849907186410543
DMG_synthetic_0010,3,248,750,198.316,64.66085995922623,2.2933333333333334,0.4578120841095401
DMG_synthetic_0011,3,261,750,204.152,67.06151078922494,2.3293333333333335,0.46673791076663995
DMG_synthetic_0012,3,266,750,200.56533333333334,64.62913995679932,2.3466666666666667,0.4631578947367202
DMG_synthetic_0013,3,260,750,195.65333333333334,63.70921300896929,2.344,0.49354295339682946
DMG_synthetic_0014,3,253,750,200.376,65.08021684045006,2.3093333333333335,0.4729655925722357
DMG_synthetic_0015,3,267,750,198.43066666666667,65.19396592391729,2.3106666666666666,0.4707959793533087
DMG_synthetic_0016,3,256,750,198.028,65.996448510507,2.3013333333333335,0.44496004124762956
DMG_synthetic_0017,3,248,750,199.21733333333333,64.84193678648273,2.3,0.45216251638258137
DMG_synthetic_0018,3,254,750,200.09333333333333,65.74100158112051,2.32,0.4462682739162744
DMG_synthetic_0019,3,284,750,199.98933333333332,65.26256624504501,2.3226666666666667,0.449084815674027
DMG_synthetic_0020,3,263,750,198.75333333333333,65.39028843966221,2.3293333333333335,0.4460045953534731
DMG_synthetic_0021,3,256,750,202.992,67.32872543969128,2.332,0.44312135799330044
DMG_synthetic_0022,3,272,750,202.24533333333332,65.75462324599101,2.3,0.46358505778004205
DMG_synthetic_0023,3,261,750,199.74666666666667,66.48729068192071,2.3186666666666667,0.47204125950041476
DMG_synthetic_0024,3,265,750,195.48,64.21583605311076,2.3453333333333335,0.49745475113108106
DMG_synthetic_0025,3,256,750,203.116,67.42945852765935,2.328,0.47011308562184434
DMG_synthetic_0026,3,262,750,202.80533333333332,66.94032744334481,2.3106666666666666,0.4298115079364013
DMG_synthetic_0027,3,266,750,200.04533333333333,65.3518523957474,2.3666666666666667,0.4619989588754654
DMG_synthetic_0028,3,266,750,198.41866666666667,65.33257011799108,2.3133333333333335,0.4609458023378159
DMG_synthetic_0029,3,256,750,200.14666666666668,66.6767112432986,2.3573333333333335,0.4258188824661787
DMG_synthetic_0030,3,264,750,202.58666666666667,66.76807487281793,2.308,0.4433913934425094
DMG_synthetic_0031,3,256,750,203.49466666666666,67.02765079842465,2.3066666666666666,0.45394909472567463
DMG_synthetic_0032,3,266,750,199.43466666666666,65.14828520298052,2.32,0.442073170731595
DMG_synthetic_0033,3,264,750,200.60266666666666,65.78694495279608,2.3306666666666667,0.4533195020745712
DMG_synthetic_0034,3,277,750,203.59733333333332,66.95316168453553,2.2986666666666666,0.4336016096578386
DMG_synthetic_0035,3,267,750,200.15333333333334,65.58909834890417,2.2933333333333334,0.4569606801274025
DMG_synthetic_0036,3,250,750,200.96933333333334,65.20842782612962,2.32,0.463505594032908
DMG_synthetic_0037,3,261,750,204.30133333333333,67.09430078793744,2.276,0.45641711229934323
DMG_synthetic_0038,3,262,750,201.1,66.11129505109798,2.3133333333333335,0.46715131933213055
DMG_synthetic_0039,3,268,750,202.29733333333334,65.78399698677146,2.2866666666666666,0.4401950718684702
DMG_synthetic_0040,3,267,750,200.38533333333334,66.04147826597733,2.3133333333333335,0.48167684619642376
DMG_synthetic_0041,3,263,750,195.66,62.87017628945116,2.2853333333333334,0.44647043500900063
DMG_synthetic_0042,3,260,750,201.324,65.6772539823847,2.3186666666666667,0.4763078608599079
DMG_synthetic_0043,3,266,750,200.68133333333333,66.52430972876674,2.276,0.47721554375161385
DMG_synthetic_0044,3,259,750,201.75466666666668,66.03123360619243,2.3,0.4602454642474759
DMG_synthetic_0045,3,250,750,199.248,65.69020091307378,2.2933333333333334,0.4696886947022202
DMG_synthetic_0046,3,264,750,201.50266666666667,67.0560511280592,2.2693333333333334,0.43786982248509443
DMG_synthetic_0047,3,262,750,199.83333333333334,65.63241238561596,2.3026666666666666,0.46164127238693886
DMG_synthetic_0048,3,272,750,196.35866666666666,64.15577416119474,2.296,0.477272727272595
DMG_synthetic_0049,3,258,750,202.58,66.03121181178892,2.3253333333333335,0.4669344042836769
DMG_synthetic_0050,3,263,750,198.06,63.82862785093639,2.344,0.47967257844461675
DMG_synthetic_0051,3,255,750,202.84933333333333,66.8965168467105,2.304,0.437025796661498
DMG_synthetic_0052,3,263,750,202.864,65.46186806581879,2.3106666666666666,0.45319037656891914
DMG_synthetic_0053,3,259,750,195.98,63.04494375707963,2.3093333333333335,0.47465058920239117
DMG_synthetic_0054,3,262,750,199.19866666666667,65.27616613197262,2.3066666666666666,0.4585210707658472
DMG_synthetic_0055,3,258,750,201.97066666666666,66.62719519502194,2.2906666666666666,0.43781855249734003
DMG_synthetic_0056,3,263,750,202.756,66.08572561958192,2.308,0.4623397435896201
DMG_synthetic_0057,3,265,750,200.79866666666666,66.00933871977678,2.3253333333333335,0.43687374749488056
DMG_synthetic_0058,3,263,750,194.82,62.61772592485294,2.3226666666666667,0.4583004472506029
DMG_synthetic_0059,3,281,750,197.428,66.01876109107168,2.3053333333333335,0.45332983744088795
DMG_synthetic_0060,3,265,750,197.43066666666667,64.94551454531371,2.2946666666666666,0.47488962472393076
DMG_synthetic_0061,3,267,750,196.77066666666667,63.44781114865631,2.3146666666666667,0.4680506875167247
DMG_synthetic_0062,3,263,750,194.80133333333333,63.20028901481033,2.268,0.4906259013554974
DMG_synthetic_0063,3,246,750,199.20933333333332,66.68161300455237,2.324,0.4463508322662109
DMG_synthetic_0064,3,261,750,200.38933333333333,66.09754725319911,2.3013333333333335,0.44518957957171906
DMG_synthetic_0065,3,263,750,196.10266666666666,62.96800345854675,2.328,0.46473249933445177
DMG_synthetic_0066,3,257,750,201.79733333333334,66.30709559483225,2.3093333333333335,0.45269210663866893
DMG_synthetic_0067,3,255,750,204.06133333333332,67.93413652125777,2.2986666666666666,0.4519003931846784
DMG_synthetic_0068,3,266,750,201.56533333333334,65.73165953244211,2.3386666666666667,0.47688961392047935
DMG_synthetic_0069,3,260,750,196.984,64.86268375576206,2.28,0.46278755074412375
DMG_synthetic_0070,3,271,750,195.58266666666665,63.469849794125786,2.2653333333333334,0.47859154929563985
DMG_synthetic_0071,3,258,750,199.92133333333334,66.7723930844344,2.308,0.439674879349647
DMG_synthetic_0072,3,265,750,200.31466666666665,66.36129131420583,2.3666666666666667,0.45913088463516316
DMG_synthetic_0073,3,263,750,199.72666666666666,66.31732771723809,2.332,0.43637724550887314
DMG_synthetic_0074,3,268,750,199.97866666666667,65.32852014923412,2.336,0.4508492022644234
DMG_synthetic_0075,3,263,750,204.18666666666667,67.5522895409343,2.3373333333333335,0.43989962358834633
DMG_synthetic_0076,3,259,750,200.60533333333333,67.28860407396057,2.3053333333333335,0.4409589390460492
DMG_synthetic_0077,3,256,750,200.71733333333333,66.83186939045041,2.3346666666666667,0.474140265366782
DMG_synthetic_0078,3,255,750,203.44133333333335,66.33986150791158,2.3466666666666667,0.4680851063828542
DMG_synthetic_0079,3,266,750,199.02266666666668,64.59049067952822,2.3133333333333335,0.45621877465147087
DMG_synthetic_0080,3,266,750,205.072,67.7583363825687,2.2853333333333334,0.4573105656348833
DMG_synthetic_0081,3,251,750,202.244,67.0411450578424,2.3586666666666667,0.44125717136431997
DMG_synthetic_0082,3,262,750,199.12,65.49529448746681,2.2706666666666666,0.45620144655760614
DMG_synthetic_0083,3,260,750,198.99733333333333,64.88591007470129,2.3466666666666667,0.47696476964756723
DMG_synthetic_0084,3,264,750,202.83066666666667,65.44472980733862,2.284,0.4594957081543832
DMG_synthetic_0085,3,263,750,201.91333333333333,65.63214016183095,2.3146666666666667,0.44604316546751127
DMG_synthetic_0086,3,263,750,201.03733333333332,65.6821533819415,2.3346666666666667,0.43170611439831563
DMG_synthetic_0087,3,261,750,192.78933333333333,62.73747114940338,2.3413333333333335,0.4756229685805862
DMG_synthetic_0088,3,261,750,203.07466666666667,66.79504790692862,2.3413333333333335,0.47769314472239455
DMG_synthetic_0089,3,263,750,201.86133333333333,66.6105454981083,2.288,0.44113110539834416
DMG_synthetic_0090,3,254,750,202.21066666666667,65.94394300885833,2.2853333333333334,0.43579964403751953
DMG_synthetic_0091,3,253,750,198.76266666666666,65.06138388390526,2.3213333333333335,0.449406298399471
DMG_synthetic_0092,3,261,750,197.156,64.77994286299837,2.2853333333333334,0.46412131058747247
DMG_synthetic_0093,3,262,750,203.21466666666666,67.19488510957429,2.3306666666666667,0.4446705672855648
DMG_synthetic_0094,3,256,750,198.19333333333333,64.7195896841821,2.3266666666666667,0.47187669010263067
DMG_synthetic_0095,3,267,750,193.2,62.53129349906866,2.276,0.453266064790108
DMG_synthetic_0096,3,258,750,201.116,67.34219982546853,2.34,0.4551348547716662
DMG_synthetic_0097,3,260,750,201.78,65.45576317890834,2.38,0.4724722075170798
DMG_synthetic_0098,3,267,750,201.164,66.64005630249723,2.3426666666666667,0.4570759625389029
DMG_synthetic_0099,3,274,750,199.796,64.52709805965243,2.3226666666666667,0.457818659658224
DMG_synthetic_0100,3,263,750,200.77066666666667,65.5150319104114,2.328,0.4594736842104054
DMG_synthetic_0101,3,265,750,206.52133333333333,68.15319174395935,2.3133333333333335,0.44294102629552135
DMG_synthetic_0102,3,268,750,198.31333333333333,64.11129247037702,2.3,0.458045671800197
DMG_synthetic_0103,3,260,750,198.43333333333334,65.95800852731143,2.2893333333333334,0.4620559741656453
DMG_synthetic_0104,3,257,750,196.05866666666665,63.31497367570767,2.312,0.4570374275170119
DMG_synthetic_0105,3,275,750,196.04133333333334,64.3704665061721,2.316,0.47201086956508914
DMG_synthetic_0106,3,265,750,205.63733333333334,67.62821260062664,2.3213333333333335,0.4637719765582142
DMG_synthetic_0107,3,267,750,200.94,66.95053198693296,2.296,0.450903377847486
DMG_synthetic_0108,3,261,750,201.52533333333332,66.30904431691216,2.3573333333333335,0.470337855812591
DMG_synthetic_0109,3,267,750,199.676,65.85011534285013,2.2733333333333334,0.44750656167967257
DMG_synthetic_0110,3,262,750,201.99733333333333,66.91580774542157,2.3546666666666667,0.4603753910322053
DMG_synthetic_0111,3,257,750,198.81733333333332,65.56586484512265,2.316,0.46933261280722255
DMG_synthetic_0112,3,267,750,200.65733333333333,65.69514375422958,2.312,0.44980544747070045
DMG_synthetic_0113,3,266,750,202.64,66.90318178781435,2.3093333333333335,0.47270742358065704
DMG_synthetic_0114,3,269,750,202.06,66.29753439357053,2.348,0.44447248864198774
DMG_synthetic_0115,3,260,750,199.33066666666667,64.69619251719705,2.312,0.44279877425933534
DMG_synthetic_0116,3,269,750,202.58266666666665,67.36905693928696,2.3173333333333335,0.4672043010751432
DMG_synthetic_0117,3,257,750,197.93333333333334,64.55098932024374,2.34,0.472536348949792
DMG_synthetic_0118,3,260,750,201.31066666666666,66.56918821463542,2.3186666666666667,0.4504014504013337
DMG_synthetic_0119,3,253,750,195.24266666666668,63.978473824317575,2.3173333333333335,0.4742155525237451
DMG_synthetic_0120,3,259,750,201.70266666666666,67.19572104101735,2.3013333333333335,0.44541935483859474
DMG_synthetic_0121,3,259,750,198.34533333333334,64.67341090604563,2.376,0.4715533209842626
DMG_synthetic_0122,3,260,750,204.91866666666667,68.04514225783417,2.3093333333333335,0.44138634046879677
DMG_synthetic_0123,3,257,750,196.53866666666667,64.23046399403393,2.3266666666666667,0.4629875298486434
DMG_synthetic_0124,3,269,750,201.072,65.55073467170295,2.2893333333333334,0.4420700308958697
DMG_synthetic_0125,3,262,750,199.04133333333334,66.0528043176232,2.3346666666666667,0.47349918875054803
DMG_synthetic_0126,3,253,750,197.17733333333334,64.65458390211444,2.3346666666666667,0.47789301310030624
DMG_synthetic_0127,3,263,750,199.004,64.9934251854242,2.292,0.44905956112840933
DMG_synthetic_0128,3,263,750,203.76266666666666,67.49089572840342,2.3346666666666667,0.4357889497261235
DMG_synthetic_0129,3,258,750,199.92266666666666,65.43122103569688,2.3186666666666667,0.46005291005278837
DMG_synthetic_0130,3,256,750,198.31866666666667,65.42577309355151,2.352,0.4766279383948996
DMG_synthetic_0131,3,259,750,200.22266666666667,65.20877052121816,2.3053333333333335,0.4559599156116941
DMG_synthetic_0132,3,264,750,201.088,65.07093761939093,2.32,0.47489082969419355
DMG_synthetic_0133,3,250,750,198.9,64.22433079967955,2.3213333333333335,0.46315509443988745
DMG_synthetic_0134,3,265,750,202.43733333333333,66.62160364993392,2.3533333333333335,0.4477422628106424
DMG_synthetic_0135,3,275,750,205.28266666666667,66.85708214459325,2.3293333333333335,0.4369684842420118
DMG_synthetic_0136,3,263,750,200.704,65.22846298971025,2.3373333333333335,0.440452261306422
DMG_synthetic_0137,3,253,750,199.484,65.57201952052414,2.316,0.4658085277553055
DMG_synthetic_0138,3,272,750,202.20133333333334,66.64715646514027,2.3186666666666667,0.4386982845609388
DMG_synthetic_0139,3,261,750,197.32666666666665,64.7308990273493,2.3213333333333335,0.4464102564101419
DMG_synthetic_0140,3,259,750,198.528,66.60805668986298,2.336,0.4780354706683552
DMG_synthetic_0141,3,261,750,203.396,66.6199308315462,2.3093333333333335,0.4397055090123281
DMG_synthetic_0142,3,250,750,197.71333333333334,64.98191919466693,2.3333333333333335,0.4604051565376321
DMG_synthetic_0143,3,266,750,198.87733333333333,65.81840385653713,2.3546666666666667,0.4578688099558056
DMG_synthetic_0144,3,258,750,199.008,65.04767433198515,2.3106666666666666,0.44074262461840263
DMG_synthetic_0145,3,267,750,204.02133333333333,67.21316992640324,2.3813333333333335,0.44818067754066543
DMG_synthetic_0146,3,262,750,202.236,66.32251732255041,2.3453333333333335,0.4597490852063618
DMG_synthetic_0147,3,267,750,204.03066666666666,66.11727252558308,2.356,0.4694473963866978
DMG_synthetic_0148,3,266,750,195.75733333333332,64.60575655122038,2.308,0.4520762601200177
DMG_synthetic_0149,3,255,750,199.636,65.53280733596978,2.292,0.4362944162435441
DMG_synthetic_0150,3,257,750,195.86933333333334,64.44442768428901,2.2626666666666666,0.4709963918955118
DMG_synthetic_0151,3,260,750,202.556,67.00924461594833,2.3266666666666667,0.44143688337959996
DMG_synthetic_0152,3,274,750,199.36666666666667,66.01751451109185,2.3013333333333335,0.44008159102487504
DMG_synthetic_0153,3,258,750,199.892,65.21801644739998,2.3213333333333335,0.46253985122198127
DMG_synthetic_0154,3,259,750,198.78266666666667,64.81847035803573,2.328,0.48473070516366334
DMG_synthetic_0155,3,267,750,199.60666666666665,65.46411705829554,2.32,0.48535564853542945
DMG_synthetic_0156,3,254,750,200.22533333333334,66.6759818692025,2.364,0.4651101783839284
DMG_synthetic_0157,3,253,750,198.97866666666667,65.25602560853842,2.3133333333333335,0.434619238476845
DMG_synthetic_0158,3,266,750,199.232,65.33300984953931,2.3013333333333335,0.44587961766973755
DMG_synthetic_0159,3,274,750,200.848,65.3849184649386,2.3066666666666666,0.4613333333332103
DMG_synthetic_0160,3,259,750,199.12133333333333,65.06159090858104,2.344,0.4614173228345246
DMG_synthetic_0161,3,269,750,200.06266666666667,66.64441016486096,2.2813333333333334,0.4358125318389109
DMG_synthetic_0162,3,268,750,196.74133333333333,64.40794794295361,2.3026666666666666,0.4834826427770203
DMG_synthetic_0163,3,256,750,202.21733333333333,67.16921491940255,2.316,0.4332751309552424
DMG_synthetic_0164,3,268,750,199.50666666666666,66.70563661007633,2.272,0.45512820512808355
DMG_synthetic_0165,3,268,750,204.03866666666667,67.5857566717196,2.32,0.4566929133857069
DMG_synthetic_0166,3,252,750,200.99066666666667,66.23307265172656,2.3066666666666666,0.44495884773651107
DMG_synthetic_0167,3,266,750,200.64933333333335,66.89427254672522,2.324,0.45237477290411304
DMG_synthetic_0168,3,276,750,201.51066666666668,66.56751374523628,2.2946666666666666,0.4571049136784974
DMG_synthetic_0169,3,261,750,198.17066666666668,63.906767035180934,2.288,0.45723421262977426
DMG_synthetic_0170,3,267,750,202.69733333333335,67.50915290701123,2.2813333333333334,0.4583444950440776
DMG_synthetic_0171,3,266,750,199.87466666666666,65.7435443590387,2.3053333333333335,0.4588641188958443
DMG_synthetic_0172,3,266,750,199.7,66.24795342750849,2.2853333333333334,0.4430085293356312
DMG_synthetic_0173,3,254,750,203.676,68.2145465229619,2.3346666666666667,0.4430668016193211
DMG_synthetic_0174,3,260,750,197.52266666666668,64.41005216234153,2.308,0.4462490332558788
DMG_synthetic_0175,3,261,750,201.50133333333332,66.07274272766007,2.252,0.43419023136235624
DMG_synthetic_0176,3,261,750,203.99733333333333,67.29495270490615,2.2986666666666666,0.45753715498926284
DMG_synthetic_0177,3,260,750,203.26533333333333,66.53700923713225,2.3333333333333335,0.45537340619295985
DMG_synthetic_0178,3,260,750,203.352,67.03600099449052,2.324,0.4556862745096848
DMG_synthetic_0179,3,269,750,200.988,65.81875003371,2.3266666666666667,0.4559707342564787
DMG_synthetic_0180,3,261,750,197.05466666666666,63.73772047661851,2.2973333333333334,0.4720547945204186
DMG_synthetic_0181,3,271,750,200.548,66.29175687318397,2.3533333333333335,0.45891835673415005
DMG_synthetic_0182,3,264,750,202.96266666666668,67.13676543361981,2.3173333333333335,0.4504924831517754
DMG_synthetic_0183,3,262,750,198.83866666666665,65.61582612618867,2.3426666666666667,0.45541731467069585
DMG_synthetic_0184,3,272,750,202.87066666666666,66.58839192798963,2.348,0.45096030729822
DMG_synthetic_0185,3,266,750,202.81066666666666,66.48403432069654,2.316,0.46655922643017284
DMG_synthetic_0186,3,263,750,198.90933333333334,65.87146913666206,2.2786666666666666,0.43798052280870375
DMG_synthetic_0187,3,265,750,197.688,64.5635913086212,2.284,0.4668847097300445
DMG_synthetic_0188,3,262,750,202.38266666666667,67.90863641360762,2.3306666666666667,0.44569097399274715
DMG_synthetic_0189,3,252,750,197.63066666666666,64.12295163373426,2.324,0.46504802561353653
DMG_synthetic_0190,3,264,750,200.368,66.27124496592269,2.3306666666666667,0.47052489905774686
DMG_synthetic_0191,3,264,750,198.308,63.38117335613155,2.3106666666666666,0.47117998912439607
DMG_synthetic_0192,3,265,750,199.228,64.6285799730532,2.36,0.455715756951479
DMG_synthetic_0193,3,256,750,204.78133333333332,67.02373846796537,2.3053333333333335,0.4447016460904206
DMG_synthetic_0194,3,265,750,200.648,65.82910270288261,2.308,0.47659691629942824
DMG_synthetic_0195,3,259,750,201.70933333333332,66.98985629348836,2.3106666666666666,0.4513020833332158
DMG_synthetic_0196,3,270,750,202.10133333333334,66.44253957284361,2.3373333333333335,0.4649867374004072
DMG_synthetic_0197,3,261,750,199.41333333333333,65.76264255301452,2.304,0.4643912926631378
DMG_synthetic_0198,3,262,750,201.17333333333335,66.66816798309537,2.38,0.464480874316819
DMG_synthetic_0199,3,266,750,203.38266666666667,66.49739017101014,2.3146666666666667,0.4365099321095206
